Quarter,Disposable Personal Income,Personal Income,Real Disposable Income,Average Hourly Earnings,Weekly Earnings,Wage Growth,Labor Compensation,Self-employment Income,Rental Income,Dividend Income,Interest Income,Transfer Payments,Social Security Benefits,Unemployment Rate,Employment Rate,Labor Force Participation Rate,Initial Jobless Claims,Continuing Claims,Payroll Employment,Full-time Employment,Part-time Employment,Average Weekly Hours,Job Openings (JOLTS),Quit Rate,Layoff Rate,Hiring Rate,Consumer Sentiment Index,Inflation Expectations,Economic Policy Uncertainty,Household Net Worth,Mortgage Debt,Credit Card & Revolving Loan Growth,Household Assets,Financial Assets,Housing Equity,Savings Rate,Personal Savings,Delinquency Rate,Federal Funds Rate,Prime Rate,Mortgage Rate,Auto Loan Rate,Credit Card APR,Personal Loan Rate,Treasury Yield,Corporate Bond Yield,CPI,Core CPI,PCE Inflation,Core PCE,Food Inflation,Energy Inflation,Shelter Inflation,Medical Inflation,Apparel Inflation,Transportation Inflation,House Price Index,Home Sales,Housing Starts,Building Permits,Homeownership Rate,Rental Price Index,Nasdaq Index,Market Volatility (VIX),Population,Working-age Population,Single-Family Housing Starts,Vehicle Sales,Tax Refunds,Unemployment Benefits,Oil Price,Gasoline Price,Exchange Rate
2007-06-30,10267.697,11734.233333333332,11995.9,20.66333333333333,336.0,4.266666666666667,79.884,1017.222,162.476,739.6333333333333,1257.8999999999999,1706.7,568.3000000000001,4.5,63.29999999999999,66.3,315923.07692307694,2536076.923076923,137605.33333333334,121115.66666666667,25048.666666666668,33.800000000000004,4808.0,2.1333333333333333,1.3666666666666665,3.9,92.2,3.0,56.629333333333335,69192500.0,10078056.0,-3.2000000000000006,82965191.0,52006484.0,13768046.0,2.733333333333333,279.5,2.93,5.256666666666667,8.25,6.214615384615384,7.74,13.41,12.32,4.679032258064517,6.296666666666667,204.317,209.05100000000002,85.597,85.37533333333333,199.5153333333333,194.26566666666668,237.96666666666667,344.94266666666664,119.96466666666667,178.61933333333332,380.4,850.6666666666666,1461.3333333333333,1606.6666666666667,68.4,231.48066666666668,2442.8518032786883,12.56360655737705,300609.6666666667,230839.33333333334,1173.6666666666667,16.834333333333333,1606.513,32.26666666666667,58.075,2.350846153846154,97.439534375
2007-09-30,10406.081,11902.0,12055.333333333334,20.86,335.0,4.033333333333333,79.829,998.504,180.253,784.1,1340.8999999999999,1710.3666666666668,575.0333333333333,4.5,63.0,65.96666666666667,313384.6153846154,2475769.230769231,137969.66666666666,120638.66666666667,25170.0,33.833333333333336,4735.0,2.1333333333333333,1.4000000000000001,3.9,86.89999999999999,3.3333333333333335,50.38043956043956,69896393.0,10290400.0,8.200000000000001,83968674.0,52985533.0,13460574.0,2.8333333333333335,296.26666666666665,2.99,5.25,8.25,6.358461538461539,7.92,13.46,12.53,4.84609375,6.493333333333333,206.631,210.06566666666666,86.32366666666667,85.73066666666666,201.74800000000002,207.24699999999999,239.7073333333333,348.4413333333334,119.02433333333333,184.01999999999998,380.15,840.6666666666666,1451.0,1456.6666666666667,68.2,233.633,2553.3615873015874,13.731904761904762,301283.6666666667,231482.0,1152.6666666666667,16.485,1619.091,31.833333333333332,64.96523809523809,3.0025384615384616,94.92673692307693
2007-12-31,10482.565,11981.433333333334,12075.633333333333,20.993333333333336,336.0,4.333333333333333,80.195,987.098,193.632,796.9,1346.4666666666665,1732.7,578.2333333333332,4.666666666666667,62.833333333333336,65.93333333333334,315384.6153846154,2543615.3846153845,138052.0,121005.33333333333,24882.0,33.8,4598.666666666667,2.066666666666667,1.5,3.8666666666666667,85.73333333333335,3.233333333333333,66.71728260869565,70719254.0,10469725.0,6.533333333333334,85027483.0,54132456.0,13102156.0,2.3666666666666667,249.83333333333334,3.2,5.073333333333333,8.178571428571429,6.5515384615384615,7.82,13.59,12.51,4.738412698412698,6.63,207.939,211.14866666666668,86.81166666666667,86.15166666666666,204.081,208.931,241.4433333333333,353.20866666666666,118.12433333333333,185.34933333333333,375.9,721.0,1289.0,1314.3333333333333,68.2,235.58633333333333,2606.6666666666665,21.589206349206346,302062.6666666667,232210.0,978.0,16.249333333333336,1602.248,32.833333333333336,75.22285714285714,2.859923076923077,93.16536615384616
2008-03-31,10602.17,12110.766666666668,12090.333333333334,21.113333333333333,332.0,4.066666666666666,81.162,978.763,208.675,799.5333333333333,1355.7333333333333,1762.7,581.1,4.8,62.76666666666667,65.93333333333334,338307.6923076923,2636461.5384615385,138286.66666666666,121620.66666666667,24727.666666666668,33.8,4609.0,2.033333333333333,1.3999999999999997,3.766666666666667,77.5,3.3000000000000003,76.26282608695652,69921850.0,10577134.0,7.7,84426387.0,53828525.0,12666878.0,2.1666666666666665,228.0666666666667,3.4,4.496666666666667,7.528225806451613,6.224615384615385,7.59,12.75,12.16,4.266612903225807,6.510000000000001,210.4896666666667,212.635,87.69433333333332,86.74733333333332,206.33933333333334,220.6163333333333,243.28833333333333,357.667,118.84066666666666,190.80533333333332,374.67,662.3333333333334,1166.0,1188.3333333333333,67.8,238.03866666666667,2704.6778125,22.02984375,302828.6666666667,232936.66666666666,838.6666666666666,16.279666666666667,1602.775,34.03333333333334,90.58328125,2.9590714285714284,89.82536515151516
2008-06-30,10733.994,12269.133333333333,12141.6,21.273333333333333,335.0,3.9666666666666663,81.928,964.96,249.248,856.4333333333334,1324.6666666666667,1802.9333333333334,597.3333333333334,5.0,62.800000000000004,66.10000000000001,350692.3076923077,2856615.3846153845,138326.33333333334,121445.0,24824.666666666668,33.733333333333334,4376.0,2.033333333333333,1.3999999999999997,3.6666666666666665,72.89999999999999,3.766666666666667,141.16252747252747,67722098.0,10648334.0,6.533333333333334,82360854.0,52569857.0,11908054.0,2.8333333333333335,300.73333333333335,3.49,3.1766666666666663,6.189516129032258,5.872307692307692,7.27,12.47,11.43,3.6652459016393446,6.75,212.76966666666667,214.04333333333332,88.40766666666667,87.20666666666666,208.78366666666668,229.95166666666668,245.04966666666667,360.91533333333336,118.91366666666666,194.98033333333333,371.91,585.0,1064.0,1025.0,67.8,240.09233333333336,2334.308852459016,26.120163934426227,303493.6666666667,232806.66666666666,741.6666666666666,15.436666666666667,1551.383,36.300000000000004,97.85540983606558,3.1154615384615383,88.3274323076923
2008-09-30,11061.837,12614.300000000001,12391.199999999999,21.456666666666667,335.0,4.1,82.058,967.537,280.963,828.8666666666667,1319.8666666666668,2148.366666666667,602.8666666666667,5.333333333333333,62.53333333333333,66.03333333333333,369615.3846153846,3011923.076923077,137863.66666666666,120620.66666666667,25277.0,33.7,4019.6666666666665,1.9666666666666668,1.4666666666666668,3.533333333333333,59.6,5.033333333333333,94.45241758241758,66621054.0,10644885.0,4.966666666666667,81211611.0,51923948.0,11360261.0,4.6000000000000005,512.4333333333333,3.56,2.0866666666666664,5.08203125,6.086923076923076,6.84,11.88,11.14,3.8815625000000002,6.989999999999999,215.5376666666667,214.97333333333336,89.26866666666668,87.573,212.15966666666668,246.92766666666668,245.97199999999998,362.80033333333336,118.64866666666667,200.00900000000001,362.51,509.0,1010.6666666666666,1061.0,68.1,242.082,2425.35609375,20.67296875,304159.6666666667,233410.0,669.3333333333334,14.559666666666667,1528.239,38.233333333333334,123.775,3.7819999999999996,86.81096769230768
2008-12-31,10964.447,12461.933333333334,12152.766666666668,21.676666666666666,331.0,4.0,82.911,957.217,305.248,801.7333333333332,1373.4666666666665,1941.3999999999999,608.8666666666667,6.0,62.03333333333333,66.06666666666666,431769.23076923075,3360153.846153846,137156.0,119821.33333333333,25403.333333333332,33.6,3548.3333333333335,1.8,1.5333333333333332,3.3666666666666667,64.83333333333333,4.733333333333333,125.08630434782609,64228525.0,10624279.0,3.1999999999999997,78955323.0,50228505.0,10829570.0,3.533333333333333,386.3333333333333,3.71,1.9400000000000002,5.0,6.322307692307692,6.92,11.94,11.48,3.8621875,7.206666666666667,218.861,216.357,90.22133333333333,88.02,216.57666666666668,264.6133333333333,247.26466666666667,364.99133333333333,119.45333333333333,207.01766666666666,351.1,448.3333333333333,862.3333333333334,858.6666666666666,67.9,244.4416666666667,2290.81953125,25.0734375,304902.3333333333,234110.33333333334,586.3333333333334,13.362,1494.271,58.199999999999996,118.28984375,3.836384615384616,88.85020757575758
2009-03-31,10912.439,12357.366666666667,12291.733333333332,21.856666666666666,340.0,3.8000000000000003,84.0,951.502,325.642,735.6,1365.4333333333334,1927.7666666666667,613.1,6.866666666666667,61.36666666666667,65.89999999999999,519692.3076923077,4115076.923076923,135559.66666666666,118280.66666666667,25835.666666666668,33.43333333333333,3251.3333333333335,1.5999999999999999,1.7333333333333334,3.1666666666666665,57.666666666666664,2.8333333333333335,209.6803260869565,61063237.0,10540066.0,-2.733333333333334,75516223.0,47409836.0,10355559.0,5.566666666666666,606.4333333333334,4.27,0.5066666666666667,4.046875,5.841428571428572,7.06,12.03,11.44,3.234677419354839,8.840000000000002,213.84866666666667,216.88666666666668,88.78066666666666,87.95066666666666,218.93666666666664,203.26766666666666,248.32966666666667,367.579,118.59500000000001,179.26266666666666,347.86,386.3333333333333,663.0,638.6666666666666,67.5,246.48733333333334,1604.34625,58.6046875,305616.6666666667,234825.0,468.0,10.613999999999999,1384.171,71.86666666666666,58.680625,2.2483076923076926,99.4315893939394
2009-06-30,10830.42,12032.766666666668,12282.033333333333,21.99666666666667,345.0,3.266666666666667,81.738,913.805,326.526,676.1333333333333,1306.0666666666666,2039.7,651.8666666666667,8.266666666666667,60.26666666666667,65.7,621000.0,5273615.384615385,133297.0,114736.0,26722.666666666668,33.199999999999996,2712.0,1.4666666666666668,1.8999999999999997,3.0,58.26666666666667,2.033333333333333,213.86444444444444,59208410.0,10546799.0,6.033333333333334,73572051.0,46126144.0,9820726.0,5.7,616.4,4.67,0.18333333333333335,3.25,5.06,6.92,12.97,11.05,2.7362295081967214,8.213333333333333,212.37766666666667,217.797,88.181,87.94966666666666,218.89766666666665,180.26566666666668,249.13666666666666,370.79400000000004,119.40766666666667,169.75866666666667,350.42,349.0,525.6666666666666,538.6666666666666,67.3,247.98433333333332,1483.3885245901638,45.0,306236.6666666667,234912.66666666666,356.3333333333333,9.585666666666667,1144.195,101.56666666666666,43.13967213114754,1.8951538461538462,102.31441333333333
2009-09-30,10946.227,12077.300000000001,12364.433333333334,22.12,345.0,3.1,83.895,902.034,335.906,580.0333333333333,1285.0666666666666,2178.6,662.4333333333333,9.299999999999999,59.6,65.7,612615.3846153846,6423307.692307692,131432.0,112990.66666666667,27325.666666666668,33.03333333333333,2449.0,1.3,1.8,2.8666666666666667,68.2,2.9,123.09714285714286,59612606.0,10522721.0,-10.466666666666667,73950382.0,47243586.0,9433212.0,6.8,743.1666666666666,4.85,0.18000000000000002,3.25,5.012307692307692,6.79,13.32,11.25,3.320793650793651,7.983333333333334,213.50699999999998,218.90733333333333,88.53133333333334,88.294,217.93366666666665,184.80499999999998,249.5713333333333,374.20433333333335,120.16533333333332,174.33066666666664,341.25,368.6666666666667,534.3333333333334,559.3333333333334,67.4,249.14066666666668,1733.0061904761906,33.01571428571428,306866.0,235459.33333333334,425.6666666666667,9.901333333333334,1102.464,130.33333333333334,59.607142857142854,2.3393076923076923,98.1208015625
2009-12-31,10888.262,12023.566666666666,12214.699999999999,22.22666666666667,345.0,2.3000000000000003,84.573,935.014,355.89,519.6666666666666,1253.9666666666667,2176.3333333333335,667.9333333333334,9.633333333333333,59.03333333333333,65.33333333333333,557846.1538461539,6056461.538461538,130460.0,112008.33333333333,27506.333333333332,33.1,2352.3333333333335,1.2333333333333334,1.6666666666666667,2.966666666666667,68.39999999999999,2.6333333333333333,102.6279347826087,61356404.0,10454666.0,-8.833333333333334,75689916.0,49354533.0,9183978.0,5.1000000000000005,552.5333333333333,4.7,0.15666666666666665,3.25,5.162307692307692,6.61,13.71,10.89,3.5178125,6.66,215.34399999999997,219.55966666666666,89.142,88.60733333333333,217.34033333333332,200.04599999999996,249.361,377.1503333333333,120.33300000000001,183.32433333333333,332.35,405.0,588.3333333333334,606.6666666666666,67.6,249.321,1983.5059375,25.48625,307572.6666666667,236093.0,502.0,11.951666666666668,1104.113,144.4,68.1384375,2.5695384615384618,94.58290625
2010-03-31,10988.307,12129.066666666666,12232.6,22.34,344.0,1.7333333333333334,84.96,1001.652,372.046,486.8,1246.2,2192.3333333333335,675.6666666666666,9.933333333333334,58.46666666666667,64.86666666666666,503461.53846153844,5479769.230769231,129975.33333333333,110906.33333333333,27422.666666666668,33.166666666666664,2492.3333333333335,1.3666666666666665,1.5666666666666667,3.0666666666666664,70.16666666666667,2.6999999999999997,107.60239130434783,61497661.0,10406753.0,-16.366666666666664,75825204.0,49777844.0,9010514.0,5.333333333333333,587.6666666666666,4.59,0.12,3.25,4.922142857142857,6.55,13.6,11.2,3.4640322580645164,6.326666666666667,217.03,220.68266666666668,89.82966666666665,89.15933333333334,217.64566666666667,208.52200000000002,249.35766666666666,380.28399999999993,120.31599999999999,190.18433333333334,329.8,374.3333333333333,567.6666666666666,623.3333333333334,67.2,248.80133333333333,2162.9146875,23.071875,308285.0,236739.0,485.6666666666667,10.967,1143.889,148.56666666666666,75.998125,2.6069999999999998,92.11604262295081
2010-06-30,11096.944,12288.733333333332,12306.033333333333,22.439999999999998,344.0,1.9000000000000001,84.143,1057.125,404.881,497.7,1231.8,2303.233333333333,678.8333333333334,9.833333333333334,58.5,64.86666666666667,478692.3076923077,4792076.923076923,129791.33333333333,110851.0,27655.333333333332,33.23333333333333,2727.3333333333335,1.3666666666666665,1.4333333333333333,3.1,73.86666666666666,2.733333333333333,139.10066666666665,62740956.0,10281906.0,-14.066666666666668,76962105.0,50968925.0,9039065.0,5.3999999999999995,601.8666666666667,4.72,0.13333333333333333,3.25,4.995833333333334,6.45,14.26,10.83,3.7178688524590164,6.286666666666666,217.37400000000002,220.71566666666664,90.177,89.46433333333333,218.677,210.58566666666664,247.98166666666665,384.25399999999996,120.10633333333332,192.15633333333335,325.87,354.0,618.0,657.6666666666666,67.1,248.764,2280.5522950819673,20.149672131147543,308901.6666666667,236996.33333333334,526.0,10.993333333333334,1213.369,159.33333333333334,78.80704918032787,2.7149230769230766,93.10724736842104
2010-09-30,11298.797,12512.066666666666,12510.566666666666,22.51,342.0,1.7333333333333334,85.159,1103.464,428.875,520.6666666666666,1221.8333333333333,2311.1,689.2666666666668,9.633333333333333,58.6,64.89999999999999,462692.3076923077,4663000.0,130424.0,112333.66666666667,26912.0,33.36666666666667,2980.6666666666665,1.4666666666666668,1.4000000000000001,3.233333333333333,73.93333333333334,2.966666666666667,111.5265934065934,62195516.0,10221685.0,-13.766666666666666,76353453.0,50331603.0,9021790.0,6.2,702.7333333333332,4.25,0.19333333333333336,3.25,4.922307692307692,6.26,13.84,11.0,3.4925,6.176666666666667,217.29733333333334,220.99266666666665,90.31666666666666,89.70533333333333,219.275,206.538,248.12733333333333,387.29033333333336,119.63900000000001,190.302,322.91,335.6666666666667,602.0,599.6666666666666,66.9,249.11833333333334,2342.0626984126984,26.391428571428573,309488.3333333333,237506.0,489.3333333333333,11.694,1257.379,141.20000000000002,77.81603174603174,2.8076923076923075,94.7188515625
2010-12-31,11381.992,12638.333333333334,12578.5,22.626666666666665,342.0,1.8999999999999997,85.668,1128.991,442.603,543.7333333333332,1191.9666666666667,2336.133333333333,693.6,9.466666666666667,58.53333333333333,64.63333333333333,462307.6923076923,4489153.846153846,130390.33333333333,112007.0,27384.333333333332,33.46666666666667,2999.6666666666665,1.4333333333333333,1.5,3.1333333333333333,68.3,2.5333333333333337,183.74184782608697,64245867.0,10125257.0,-9.666666666666666,78329821.0,52460382.0,8958835.0,6.133333333333333,696.7333333333332,4.0,0.18666666666666668,3.25,4.4471428571428575,6.24,13.59,10.71,2.78453125,5.776666666666666,217.93433333333334,221.52766666666665,90.49066666666666,89.84333333333335,219.64433333333332,208.49300000000002,248.476,389.49,119.16399999999999,192.22833333333332,326.04,294.0,579.6666666666666,574.0,66.9,249.489,2237.45640625,24.28359375,310148.0,238103.66666666666,430.6666666666667,11.961333333333334,1297.148,131.03333333333333,76.06203125,2.721846153846154,93.6339390625
2011-03-31,11498.297,12787.4,12626.066666666666,22.74,341.0,1.6666666666666667,85.954,1144.435,458.324,584.4,1198.5666666666666,2350.133333333333,699.0,9.5,58.26666666666667,64.43333333333334,432307.6923076923,4230692.307692308,130733.0,111655.33333333333,27444.333333333332,33.53333333333333,3168.0,1.4333333333333333,1.3666666666666665,3.233333333333333,71.26666666666667,2.9,185.73097826086956,65963001.0,9957898.0,-6.3999999999999995,80032985.0,54373019.0,8863245.0,5.966666666666666,684.4,3.63,0.18666666666666668,3.25,4.436153846153847,5.87,13.44,10.94,2.8783870967741936,5.913333333333333,219.69899999999998,222.10733333333334,91.07033333333334,90.12733333333334,220.894,221.112,248.9896666666667,392.6583333333333,119.05566666666668,199.36066666666667,323.72,301.3333333333333,542.3333333333334,583.3333333333334,66.5,250.16099999999997,2536.13,19.318437499999998,310817.3333333333,238711.33333333334,439.6666666666667,12.439666666666668,1326.495,123.86666666666667,85.16046875,2.882230769230769,90.64960655737706
2011-06-30,11711.593,13138.166666666666,12753.133333333333,22.87,338.0,1.9000000000000001,87.587,1181.207,489.126,632.5,1215.2333333333333,2361.7999999999997,703.1333333333333,9.033333333333333,58.36666666666667,64.16666666666667,412615.3846153846,3850076.923076923,131059.0,112316.66666666667,27047.0,33.46666666666667,3197.0,1.4666666666666668,1.3666666666666665,3.233333333333333,73.06666666666666,3.7999999999999994,133.45388888888888,67045433.0,9927045.0,-3.6,81090901.0,55688835.0,8569836.0,6.6000000000000005,773.7333333333332,3.43,0.15666666666666668,3.25,4.846923076923077,5.85,13.44,10.98,3.4574193548387098,6.09,222.04366666666667,223.15666666666667,91.835,90.52300000000001,223.72866666666664,233.80166666666665,249.90099999999998,395.29333333333335,119.82099999999998,206.50900000000001,314.72,292.3333333333333,582.3333333333334,567.0,66.4,251.521,2739.4193548387098,18.614838709677418,311376.0,238851.66666666666,416.6666666666667,13.048666666666668,1458.521,116.66666666666667,94.06612903225808,3.2740769230769233,89.28980161290323
2011-09-30,11803.352,13249.199999999999,12727.833333333334,22.959999999999997,336.0,2.033333333333333,86.814,1211.868,501.353,665.4666666666667,1216.9666666666665,2361.633333333333,712.0333333333333,9.066666666666666,58.300000000000004,64.10000000000001,420461.53846153844,3762769.230769231,131743.66666666666,112162.0,27394.333333333332,33.6,3297.6666666666665,1.4666666666666668,1.4333333333333333,3.266666666666667,71.86666666666666,4.166666666666667,111.56549450549451,67448403.0,9871638.0,4.666666666666667,81448410.0,56129710.0,8518396.0,6.366666666666667,749.2666666666668,3.27,0.09333333333333334,3.25,4.650769230769231,5.79,12.89,11.37,3.2014285714285715,5.8500000000000005,224.56833333333336,224.19966666666667,92.738,91.05233333333332,226.84233333333336,248.085,250.75,398.61266666666666,120.96433333333334,213.496,309.17,305.3333333333333,574.3333333333334,611.6666666666666,65.9,252.591,2764.901587301587,17.482380952380954,311940.6666666667,239316.0,421.3333333333333,12.497333333333332,1476.191,109.26666666666667,102.02174603174603,3.803769230769231,86.93641875
2011-12-31,11921.125,13392.533333333333,12795.666666666666,23.093333333333334,336.0,2.1,87.505,1252.105,510.06,716.5,1197.3999999999999,2352.0666666666666,716.0,9.0,58.300000000000004,64.10000000000001,413230.76923076925,3726384.6153846155,132153.66666666666,112486.66666666667,27457.333333333332,33.6,3575.3333333333335,1.5,1.3999999999999997,3.266666666666667,59.666666666666664,3.4,225.2320652173913,65579886.0,9802504.0,-3.6666666666666665,79570478.0,54303739.0,8483043.0,6.6000000000000005,785.9,3.13,0.08333333333333333,3.25,4.291538461538462,5.89,12.28,10.8,2.41421875,5.463333333333334,226.03266666666664,225.73266666666666,93.16666666666667,91.468,229.59933333333333,247.20566666666664,252.27700000000002,401.376,123.11399999999999,214.58900000000003,311.47,299.6666666666667,619.3333333333334,626.0,66.3,254.20433333333335,2606.6359375,30.58359375,312606.3333333333,239871.0,424.0,12.893333333333333,1471.733,102.93333333333334,89.49296875,3.634076923076923,87.6444734375
2012-03-31,11987.448,13458.333333333334,12824.366666666667,23.19666666666667,335.0,2.033333333333333,86.208,1268.165,525.626,747.2333333333332,1234.6333333333334,2359.2666666666664,721.8333333333334,8.633333333333333,58.53333333333333,64.06666666666666,389571.4285714286,3641785.714285714,132710.33333333334,113303.33333333333,27358.666666666668,33.666666666666664,3650.6666666666665,1.5,1.3999999999999997,3.2999999999999994,64.8,3.1666666666666665,151.34934782608696,67032761.0,9754939.0,4.633333333333334,81013764.0,55782983.0,8371029.0,6.633333333333333,796.2333333333332,3.07,0.07333333333333335,3.25,4.002307692307692,5.4,12.36,10.36,2.0467213114754097,5.253333333333333,227.04733333333334,226.93666666666664,93.47433333333333,91.794,231.19133333333332,245.88266666666667,253.65099999999998,405.683,124.46733333333333,214.53833333333333,312.91,328.3333333333333,671.6666666666666,691.3333333333334,66.0,256.21933333333334,2600.913650793651,29.93952380952381,313258.0,240431.33333333334,475.3333333333333,13.757,1507.169,99.76666666666667,94.01523809523809,3.372153846153846,91.37396557377049
2012-06-30,12252.058,13720.4,13021.166666666666,23.3,335.0,2.033333333333333,88.272,1297.683,526.776,757.0333333333333,1282.4333333333334,2340.366666666667,753.2333333333332,8.266666666666667,58.46666666666667,63.76666666666667,369000.0,3385846.153846154,133501.0,114306.66666666667,27479.666666666668,33.733333333333334,3834.6666666666665,1.5666666666666667,1.3333333333333333,3.3666666666666667,75.5,3.5,119.8575824175824,68994644.0,9698257.0,-0.3999999999999999,82918279.0,57841543.0,8248946.0,7.433333333333334,909.6666666666666,2.93,0.10333333333333333,3.25,3.9223076923076925,5.07,12.34,10.89,2.04,5.2,228.32600000000002,228.12966666666668,94.09400000000001,92.37333333333333,232.31466666666665,247.83866666666665,254.979,409.1803333333333,125.44133333333333,217.17600000000002,309.63,351.6666666666667,707.3333333333334,752.0,65.4,257.81466666666665,2907.188064516129,18.20403225806452,313813.3333333333,242436.0,485.3333333333333,14.654666666666666,1529.118,94.63333333333333,102.9841935483871,3.586461538461539,90.69970967741935
2012-09-30,12364.177,13851.833333333334,13108.733333333332,23.42,337.0,2.2666666666666666,88.735,1308.658,532.464,784.4,1304.4666666666665,2362.7999999999997,759.4,8.2,58.5,63.73333333333333,378230.76923076925,3325076.923076923,133923.33333333334,114451.0,27745.333333333332,33.666666666666664,3846.3333333333335,1.6000000000000003,1.4333333333333333,3.3333333333333335,76.3,3.1,128.18285714285713,69099563.0,9636201.0,0.1666666666666666,82995038.0,57708609.0,8500171.0,7.900000000000001,974.0666666666666,2.84,0.15333333333333335,3.25,3.7946153846153843,4.88,12.06,10.94,1.82578125,5.093333333333334,228.808,229.25066666666666,94.32133333333333,92.75533333333333,233.31533333333334,242.46,256.44,413.2093333333333,126.44766666666668,215.28966666666668,308.21,361.3333333333333,739.3333333333334,774.0,65.5,259.4503333333333,2926.4838095238097,20.035714285714285,314373.3333333333,242968.33333333334,515.3333333333334,14.577333333333334,1556.654,86.23333333333333,93.28873015873015,3.7373846153846153,92.3979265625
2012-12-31,12301.844,13811.833333333334,13004.833333333334,23.513333333333332,333.0,2.1333333333333333,88.723,1286.792,536.081,793.5,1232.3,2364.733333333333,765.1333333333333,8.033333333333333,58.53333333333333,63.6,376307.6923076923,3309230.769230769,134337.66666666666,114854.33333333333,27718.666666666668,33.666666666666664,3808.6666666666665,1.4666666666666668,1.3333333333333333,3.233333333333333,74.96666666666665,3.3000000000000003,156.04902173913044,70995357.0,9560304.0,-0.5333333333333333,84899401.0,59306682.0,8794152.0,6.966666666666666,859.9333333333334,2.78,0.14333333333333334,3.25,3.553846153846154,4.88,11.95,10.37,1.6412698412698414,4.873333333333334,229.841,230.28733333333332,94.59533333333333,93.02333333333333,234.1643333333333,243.84733333333335,257.67766666666665,417.67066666666665,125.88466666666666,216.97933333333333,312.31,376.3333333333333,780.3333333333334,873.0,65.5,261.0316666666667,3026.5560317460317,16.192698412698412,315030.3333333333,243564.0,549.0,14.641,1575.77,78.46666666666665,92.1679365079365,3.652,92.35402222222221
2013-03-31,12715.043,14287.1,13366.800000000001,23.636666666666667,333.0,2.3333333333333335,91.002,1306.555,542.554,992.0333333333333,1268.0,2384.1666666666665,770.8333333333334,7.8,58.73333333333333,63.699999999999996,374923.07692307694,3258538.4615384615,134856.0,115672.0,27700.0,33.666666666666664,3874.3333333333335,1.5,1.3666666666666665,3.2999999999999994,79.39999999999999,3.1333333333333333,193.73097826086956,72025466.0,9506994.0,-0.8333333333333334,85901838.0,60058614.0,9026883.0,9.133333333333333,1162.4666666666667,2.63,0.16,3.25,3.3592307692307695,4.82,11.88,10.64,1.7070491803278687,4.573333333333333,231.36933333333332,231.35966666666664,95.12566666666667,93.43466666666666,235.25766666666664,249.84799999999998,259.2253333333333,419.6333333333334,127.257,219.75666666666666,314.77,383.0,908.0,915.0,65.4,263.1456666666666,3001.655806451613,16.752903225806453,315684.6666666667,244169.0,598.3333333333334,15.249333333333333,1630.259,75.13333333333334,88.01015625,3.506214285714286,91.03736666666667
2013-06-30,12254.043,13904.866666666667,12837.166666666666,23.77333333333333,331.0,2.233333333333333,89.628,1339.638,562.28,746.6,1210.9666666666665,2403.4666666666667,790.0,7.733333333333333,58.56666666666666,63.46666666666667,352538.46153846156,3073461.5384615385,135497.33333333334,115718.66666666667,27523.0,33.699999999999996,4001.0,1.6666666666666667,1.2333333333333334,3.3000000000000003,76.66666666666667,3.266666666666667,162.91855555555554,74846913.0,9469164.0,0.6,88689180.0,62381825.0,9489676.0,4.8,590.0333333333333,2.56,0.14333333333333334,3.25,3.496923076923077,4.69,11.94,10.12,1.951,4.81,232.29933333333335,232.53066666666666,95.459,93.79966666666667,236.072,249.10533333333333,260.67900000000003,421.9346666666667,127.72666666666665,220.117,316.31,445.6666666666667,953.3333333333334,952.0,65.0,264.9173333333333,3176.376166666667,13.527,316195.3333333333,244828.66666666666,626.3333333333334,15.798333333333334,1710.991,69.0,94.32549999999999,3.5665833333333334,91.58443333333334
2013-09-30,12353.217,14037.1,12934.433333333334,23.906666666666666,335.0,2.1,90.228,1364.139,576.295,771.0333333333333,1192.8999999999999,2416.233333333333,795.2000000000002,7.533333333333334,58.6,63.4,346384.6153846154,3013769.230769231,136082.66666666666,116140.0,27720.666666666668,33.666666666666664,4094.3333333333335,1.6333333333333335,1.3,3.3666666666666667,81.66666666666667,3.0666666666666664,83.01967032967033,76102493.0,9432022.0,1.4333333333333333,89967357.0,63028814.0,10025079.0,5.266666666666667,650.8000000000001,2.48,0.11666666666666665,3.25,3.6723076923076925,4.13,11.95,10.34,1.98625,4.836666666666667,232.045,233.05933333333334,95.50833333333333,94.06433333333332,236.6963333333333,241.21733333333336,262.2463333333333,423.209,126.93866666666668,214.765,321.14,446.3333333333333,868.0,985.6666666666666,65.0,266.7953333333333,3368.01296875,14.837031249999999,316732.6666666667,245363.33333333334,603.0,15.948,1730.865,64.76666666666667,94.04890625,3.6010769230769233,92.5994015625
2013-12-31,12447.306,14123.666666666666,12979.633333333333,24.02,334.0,2.3333333333333335,90.027,1363.124,588.613,798.9666666666667,1199.1000000000001,2434.5333333333333,802.3000000000001,7.233333333333333,58.70000000000001,63.26666666666667,331307.6923076923,2948923.076923077,136619.33333333334,116488.0,27864.333333333332,33.6,4032.6666666666665,1.7,1.3333333333333333,3.4333333333333336,81.56666666666666,3.1333333333333333,100.76760869565219,78640633.0,9414881.0,-1.3666666666666665,92560134.0,64961122.0,10533861.0,5.233333333333333,652.1666666666666,2.4,0.08333333333333333,3.25,4.4399999999999995,4.46,11.88,10.13,2.7065625,5.403333333333333,233.29999999999998,234.30533333333332,95.90066666666667,94.43433333333333,237.38466666666667,243.52133333333333,263.8066666666667,426.82199999999995,127.44600000000001,217.12033333333332,325.69,386.3333333333333,882.3333333333334,988.3333333333334,65.3,268.674,3640.89546875,14.2796875,317396.0,245961.0,600.3333333333334,15.901666666666666,1753.758,59.1,105.83046875,3.565142857142857,93.6926765625
2014-03-31,12510.375,14209.466666666667,12997.533333333333,24.143333333333334,334.0,2.1999999999999997,90.755,1340.054,587.559,810.0,1203.3999999999999,2443.1666666666665,808.6333333333333,6.933333333333334,58.53333333333333,62.9,343000.0,2877230.769230769,137243.33333333334,116941.33333333333,27373.333333333332,33.6,4154.0,1.7,1.2333333333333334,3.3666666666666667,76.93333333333334,2.966666666666667,117.37260869565218,80859484.0,9395044.0,2.533333333333333,94949271.0,66974373.0,10892742.0,4.566666666666666,569.8000000000001,2.37,0.08666666666666667,3.25,4.2930769230769235,4.42,11.85,10.22,2.7441935483870967,5.3566666666666665,234.1626666666667,235.34633333333332,96.25433333333332,94.84133333333334,237.95966666666666,243.46833333333333,265.46933333333334,428.5643333333333,127.63266666666668,217.52233333333334,328.27,441.0,1009.0,1026.0,65.2,270.47633333333334,3957.07625,14.2328125,318072.0,246564.33333333334,647.0,15.880333333333335,1783.928,57.166666666666664,97.49671875,3.286769230769231,93.11088524590164
2014-06-30,12714.402,14460.199999999999,13149.133333333333,24.286666666666665,335.0,2.433333333333333,92.492,1349.446,594.956,845.5666666666666,1221.6666666666667,2474.1,824.8333333333334,6.666666666666667,58.800000000000004,62.96666666666667,327153.8461538461,2830615.3846153845,137752.66666666666,117720.33333333333,27524.333333333332,33.53333333333333,4296.0,1.7666666666666666,1.2666666666666666,3.4333333333333336,80.93333333333334,3.1666666666666665,84.034,82557148.0,9372694.0,3.0666666666666664,96640304.0,68396556.0,11231590.0,5.233333333333333,667.8666666666667,2.32,0.07333333333333335,3.25,4.364615384615385,4.23,11.83,10.09,2.7654098360655737,5.116666666666666,235.621,236.25699999999998,96.69633333333333,95.141,239.44899999999998,250.07533333333333,267.55333333333334,431.1123333333333,127.53333333333335,218.43433333333334,330.93,422.6666666666667,934.0,1027.3333333333333,64.8,272.5733333333333,4210.404754098361,14.828852459016392,318644.3333333333,247086.0,604.3333333333334,16.197333333333333,1865.024,39.0,98.67819672131148,3.410846153846154,94.5107052631579
2014-09-30,12931.863,14691.366666666667,13314.5,24.400000000000002,330.0,2.3333333333333335,91.978,1376.742,599.082,912.0666666666666,1248.8,2526.7999999999997,831.6666666666666,6.2,58.93333333333334,62.833333333333336,316461.53846153844,2659692.3076923075,138553.33333333334,118484.33333333333,27432.666666666668,33.7,4765.0,1.8,1.2666666666666666,3.5,82.83333333333333,3.1999999999999997,67.03472527472528,84743575.0,9353141.0,5.1000000000000005,98900144.0,70096918.0,11672436.0,5.533333333333334,715.1333333333333,2.27,0.09333333333333334,3.25,4.227692307692307,4.5,11.83,9.62,2.620952380952381,4.82,236.87233333333333,237.47933333333333,97.129,95.55633333333333,242.09833333333333,249.59699999999998,269.59566666666666,434.23633333333333,127.74333333333334,218.64933333333332,337.35,424.0,987.0,1039.3333333333333,64.7,275.029,4195.806349206349,12.738253968253968,319227.6666666667,247625.0,633.6666666666666,17.116,1903.372,35.800000000000004,103.34682539682541,3.6763076923076925,93.833565625
2014-12-31,13089.117,14888.833333333334,13439.666666666666,24.526666666666667,336.0,2.6,92.475,1381.932,600.292,940.6999999999999,1273.2333333333333,2568.2000000000003,836.4666666666667,6.066666666666666,59.03333333333333,62.86666666666667,299769.23076923075,2496076.923076923,139301.33333333334,118815.66666666667,27767.666666666668,33.7,5036.333333333333,1.9000000000000001,1.2333333333333334,3.6,82.96666666666665,3.1666666666666665,61.33597826086957,85427392.0,9335637.0,3.233333333333333,99578123.0,70282697.0,12056349.0,5.433333333333334,714.9666666666667,2.2,0.09000000000000001,3.25,4.135384615384615,4.16,11.82,10.73,2.49953125,4.74,237.47833333333332,238.462,97.39433333333334,95.91533333333332,243.8356666666667,245.351,271.50066666666663,436.33200000000005,127.704,216.869,342.2,442.6666666666667,1030.6666666666667,1066.6666666666667,64.4,277.377,4482.74265625,13.07265625,319918.3333333333,248232.66666666666,654.6666666666666,17.158333333333335,1900.394,34.03333333333333,97.8696875,3.4939999999999998,94.7503140625
2015-03-31,13258.192,15095.866666666667,13631.4,24.626666666666665,336.0,2.8333333333333335,93.482,1371.742,599.679,969.8000000000001,1297.7666666666667,2597.133333333333,845.5666666666666,5.7,59.26666666666667,62.86666666666667,288538.46153846156,2404384.6153846155,140083.66666666666,119880.66666666667,27647.0,33.766666666666666,4995.0,1.8666666666666665,1.2666666666666666,3.6666666666666665,89.76666666666667,2.8333333333333335,63.62684782608696,87003646.0,9341508.0,-1.4000000000000001,101221373.0,71559322.0,12304210.0,5.666666666666667,750.0666666666666,2.09,0.09999999999999999,3.25,3.9635714285714285,4.06,11.99,10.47,2.2759677419354842,4.74,236.88833333333332,239.41099999999997,97.265,96.17533333333334,245.49900000000002,228.20433333333335,273.3876666666667,439.54333333333335,127.21733333333333,209.29566666666665,344.98,471.6666666666667,1049.3333333333333,1075.0,64.0,279.646,4600.9384375,16.07234375,320611.3333333333,248842.66666666666,692.3333333333334,16.961000000000002,1933.008,33.0,73.21125,2.849538461538461,99.3125
2015-06-30,13380.512,15286.1,13819.0,24.793333333333333,341.0,3.1999999999999997,94.572,1356.127,588.811,1012.6666666666666,1309.5,2644.0666666666666,861.8333333333334,5.533333333333334,59.23333333333333,62.73333333333333,290692.3076923077,2339692.3076923075,140772.66666666666,120697.0,27358.0,33.733333333333334,5340.0,1.9666666666666668,1.3,3.6,95.5,2.766666666666667,70.58955555555556,88633743.0,9328401.0,2.733333333333333,102827053.0,72697318.0,12671726.0,6.2,828.3333333333334,2.01,0.11,3.25,3.716666666666667,4.53,11.98,9.85,1.9688524590163934,4.5,235.35500000000002,240.246,96.829,96.336,246.25466666666668,202.90133333333333,275.49666666666667,441.79833333333335,126.23833333333334,197.01933333333332,348.79,511.6666666666667,977.0,1082.6666666666667,63.7,282.15000000000003,4825.264262295082,16.564754098360655,321168.3333333333,249900.66666666666,638.0,17.232333333333333,2017.75,32.9,48.485245901639345,2.2804615384615383,105.47301694915255
2015-09-30,13487.843,15431.733333333332,13860.566666666666,24.94333333333333,339.0,3.233333333333333,95.406,1339.92,603.074,989.2333333333332,1351.9333333333334,2682.366666666667,868.5,5.433333333333334,59.36666666666667,62.800000000000004,277615.3846153846,2271000.0,141481.0,121116.0,27592.666666666668,33.6,5469.666666666667,1.8999999999999997,1.2666666666666666,3.6333333333333333,94.23333333333333,2.6999999999999997,65.27835164835165,89485139.0,9356329.0,6.066666666666666,103806882.0,73074400.0,13079943.0,5.8,781.3333333333334,1.98,0.12333333333333334,3.25,3.819230769230769,4.15,12.04,9.69,2.164375,4.833333333333333,236.96,241.69933333333333,97.31233333333334,96.76533333333333,246.39266666666666,208.18833333333336,277.60366666666664,446.29833333333335,125.91033333333333,201.591,354.43,494.6666666666667,1158.0,1272.3333333333333,63.4,284.6073333333333,5030.1671428571435,13.740158730158731,321744.0,250461.33333333334,716.6666666666666,17.837,2045.283,32.4,57.85460317460318,2.6736153846153843,105.997159375
2015-12-31,13598.262,15546.533333333333,13937.9,25.073333333333334,340.0,3.0,96.001,1352.322,606.368,989.4333333333334,1358.3999999999999,2699.1666666666665,873.9333333333334,5.1000000000000005,59.300000000000004,62.53333333333333,274230.76923076925,2247769.230769231,142130.33333333334,121823.0,27102.666666666668,33.733333333333334,5670.333333333333,1.9666666666666668,1.2666666666666666,3.6333333333333333,90.73333333333333,2.7999999999999994,79.0420652173913,88521335.0,9375482.0,8.333333333333334,102964407.0,71738374.0,13476155.0,5.666666666666667,766.0333333333333,2.0,0.1366666666666667,3.25,3.9546153846153844,4.09,12.1,9.8,2.223125,5.243333333333333,237.855,242.89933333333332,97.56466666666667,97.07666666666667,247.797,205.816,279.9956666666667,447.07099999999997,125.95533333333333,201.31233333333333,359.45,493.3333333333333,1166.6666666666667,1149.6666666666667,63.7,287.38,4924.32796875,19.30734375,322427.6666666667,251099.0,746.3333333333334,18.33,2026.616,32.5,46.48609375,2.6012307692307695,109.626665625
2016-03-31,13664.797,15630.6,14016.833333333334,25.233333333333334,345.0,3.1,95.81,1342.52,607.153,996.1,1371.0666666666666,2716.0666666666666,882.9,5.033333333333333,59.43333333333334,62.56666666666666,268692.3076923077,2206692.3076923075,142821.33333333334,122344.33333333333,27305.666666666668,33.733333333333334,5775.333333333333,2.033333333333333,1.2666666666666666,3.8000000000000003,91.3,2.6666666666666665,64.20782608695652,89995570.0,9435806.0,6.3999999999999995,104445187.0,72879298.0,13744505.0,5.733333333333333,786.5666666666666,2.01,0.16,3.2903225806451615,3.8978571428571427,4.0,12.22,9.66,2.190483870967742,5.419999999999999,237.837,244.18533333333335,97.49033333333334,97.31866666666667,248.49533333333332,193.62433333333334,282.1123333333333,451.8793333333333,125.69633333333333,195.939,362.31,510.6666666666667,1125.3333333333333,1205.0,63.8,289.97066666666666,4998.138125,17.03328125,323110.6666666667,251741.33333333334,748.0,18.029,2013.189,32.4,41.9365625,2.161538461538462,111.47422419354838
2016-06-30,13782.355,15707.666666666666,14130.6,25.400000000000002,346.0,3.1999999999999997,95.845,1335.886,611.984,1006.9333333333334,1381.1666666666667,2745.433333333333,886.0666666666666,4.8999999999999995,59.76666666666667,62.833333333333336,270615.3846153846,2193000.0,143426.0,123210.0,27668.0,33.63333333333333,5970.333333333333,2.033333333333333,1.3,3.6999999999999997,91.56666666666666,2.566666666666667,74.21241758241759,91127711.0,9460440.0,7.133333333333333,105596071.0,73741707.0,14029315.0,5.866666666666667,808.1333333333332,1.99,0.36000000000000004,3.5,3.7384615384615385,4.17,12.31,10.03,1.9142622950819672,5.306666666666667,237.68933333333334,245.45933333333335,97.538,97.72633333333333,248.32933333333335,181.29,284.44599999999997,456.2796666666666,125.58,191.005,365.66,518.0,1142.6666666666667,1153.6666666666667,63.5,292.596,4614.200491803278,20.486229508196722,323689.0,252580.66666666666,788.0,17.813666666666666,2001.701,32.43333333333334,33.35180327868853,1.8836153846153847,113.60903220338983
2016-09-30,13841.829,15785.833333333334,14102.199999999999,25.576666666666668,345.0,3.5666666666666664,96.196,1333.965,619.124,1013.5666666666666,1377.6666666666667,2767.7333333333336,893.1999999999999,4.933333333333334,59.70000000000001,62.76666666666667,268384.6153846154,2157769.230769231,143967.0,123437.33333333333,27783.333333333332,33.6,5774.0,2.1,1.2333333333333334,3.6666666666666665,92.39999999999999,2.6,80.14439560439561,92840381.0,9498292.0,6.666666666666667,107438603.0,74882809.0,14518164.0,5.233333333333333,726.5,2.05,0.37333333333333335,3.5,3.589230769230769,4.33,12.16,9.65,1.75015625,4.666666666666667,239.59033333333332,247.076,98.157,98.26233333333334,247.92466666666667,189.40266666666665,286.84233333333333,460.6073333333334,126.255,195.73366666666666,372.47,568.0,1171.3333333333333,1191.0,62.9,295.358,4845.71265625,15.6759375,324265.6666666667,253180.0,766.3333333333334,17.69966666666667,2011.666,32.333333333333336,45.460625,2.2503076923076923,110.91595625
2016-12-31,13968.109,15940.633333333333,14181.966666666667,25.723333333333333,347.0,3.6333333333333333,96.61,1355.867,619.876,1033.2666666666667,1388.6000000000001,2787.066666666667,899.4,4.8999999999999995,59.76666666666667,62.86666666666667,258230.76923076922,2130076.923076923,144716.0,124302.33333333333,27438.333333333332,33.56666666666667,5835.666666666667,2.1,1.2,3.733333333333333,90.33333333333333,2.533333333333333,72.36130434782608,94563290.0,9541363.0,6.1000000000000005,109329182.0,76120569.0,14959287.0,5.1,713.3000000000001,2.07,0.39666666666666667,3.5,3.446153846153846,4.25,12.51,9.64,1.564375,4.256666666666667,240.60733333333334,248.3646666666667,98.49566666666665,98.68866666666668,247.7253333333333,190.0203333333333,289.42,467.7583333333334,125.981,194.87366666666665,379.12,587.0,1159.3333333333333,1234.0,63.5,298.0853333333334,5168.8890625,13.23390625,324925.3333333333,253855.0,760.0,17.997333333333334,2036.51,32.1,44.851875,2.209076923076923,112.0512875
2017-03-31,14123.3,16116.5,14274.233333333332,25.909999999999997,349.0,3.533333333333333,97.655,1371.136,623.91,1056.0333333333333,1404.5,2807.9,907.2333333333332,4.766666666666667,59.70000000000001,62.73333333333333,251642.85714285713,2056000.0,145218.66666666666,124103.66666666667,27819.333333333332,33.56666666666667,5842.0,2.1,1.1666666666666667,3.6666666666666665,93.06666666666666,2.3333333333333335,106.13858695652173,95239076.0,9591930.0,5.366666666666667,110107097.0,76432858.0,15310946.0,5.233333333333333,736.8666666666667,2.16,0.45,3.5450819672131146,3.8423076923076924,4.45,12.41,9.45,2.138688524590164,4.64,242.13466666666667,249.51433333333333,98.94666666666666,99.02866666666667,247.75933333333333,197.288,292.22366666666665,470.06733333333335,126.43700000000001,197.87599999999998,382.04,569.0,1235.0,1244.0,63.7,301.23633333333333,5309.890317460317,14.097936507936508,325557.3333333333,254534.33333333334,825.6666666666666,18.00766666666667,2034.647,31.266666666666666,49.135555555555555,2.23,115.86304262295081
2017-06-30,14353.057,16357.299999999997,14422.266666666668,26.060000000000002,352.0,3.4,98.629,1409.373,633.854,1082.7,1452.8999999999999,2831.433333333333,916.3333333333334,4.566666666666666,60.03333333333333,62.86666666666667,236000.0,2052750.0,145814.66666666666,125021.0,27494.333333333332,33.56666666666667,5783.666666666667,2.1666666666666665,1.2,3.733333333333333,97.23333333333333,2.6,125.67344444444446,97592103.0,9664615.0,2.1333333333333333,112516911.0,78415771.0,15682291.0,5.5,788.9666666666667,2.17,0.7000000000000001,3.7983870967741935,4.173076923076923,4.52,12.54,10.05,2.4466129032258066,4.66,243.83866666666665,250.803,99.524,99.48833333333334,248.68133333333333,204.01,294.4413333333334,472.76933333333335,126.16633333333334,201.60433333333333,384.73,597.3333333333334,1217.0,1269.6666666666667,63.6,304.0346666666667,5736.322258064516,11.691935483870967,326052.6666666667,254247.33333333334,828.3333333333334,17.47066666666667,1943.31,31.333333333333332,51.62129032258064,2.327769230769231,116.46396229508197
2017-09-30,14538.77,16551.066666666666,14579.566666666666,26.21666666666667,354.0,3.1999999999999997,99.234,1419.731,634.271,1151.3333333333333,1461.3333333333333,2838.1666666666665,922.0,4.366666666666667,60.13333333333333,62.86666666666667,237461.53846153847,1925307.6923076923,146379.33333333334,125999.66666666667,27283.0,33.666666666666664,6074.0,2.1333333333333333,1.2333333333333334,3.6999999999999997,96.36666666666667,2.566666666666667,96.1578021978022,99787897.0,9723509.0,3.5333333333333337,114866884.0,79998969.0,16136574.0,6.0,872.0666666666666,2.22,0.9500000000000001,4.046153846153846,3.98,4.67,12.77,10.13,2.260952380952381,4.496666666666667,244.12,251.46766666666667,99.72433333333333,99.82099999999998,249.77700000000002,199.737,296.4723333333333,473.49333333333334,125.82,199.1963333333333,393.32,617.3333333333334,1184.0,1270.6666666666667,63.7,306.6976666666667,6095.441746031746,11.426349206349206,326554.0,254770.66666666666,841.3333333333334,17.125666666666664,1982.371,29.566666666666666,48.103809523809524,2.3855384615384616,113.90348125
2017-12-31,14692.113,16747.166666666668,14681.5,26.403333333333336,352.0,3.6,100.516,1423.933,643.753,1166.8666666666666,1469.4333333333334,2869.7666666666664,929.3000000000001,4.333333333333333,60.23333333333333,62.96666666666667,257642.85714285713,1913857.142857143,146899.66666666666,126300.0,27543.666666666668,33.63333333333333,6278.0,2.1333333333333333,1.2666666666666666,3.733333333333333,95.10000000000001,2.6333333333333333,85.98076086956522,101451223.0,9783508.0,7.033333333333334,116678391.0,81334161.0,16563075.0,6.0,883.0333333333333,2.27,1.1533333333333333,4.25,3.883846153846154,4.42,13.08,9.76,2.2414285714285715,4.333333333333333,245.287,252.444,100.07666666666667,100.12266666666666,250.49333333333334,203.389,298.76366666666667,476.88933333333335,125.50566666666667,200.332,399.38,588.3333333333334,1182.0,1282.6666666666667,63.9,309.48133333333334,6343.130158730159,10.944285714285714,327140.3333333333,255356.66666666666,849.0,17.533666666666665,2021.546,29.599999999999998,48.181774193548385,2.430846153846154,109.93858412698413
2018-03-31,14871.77,16995.5,14772.533333333333,26.55666666666667,345.0,2.9333333333333336,101.869,1461.5,656.233,1176.3,1483.0666666666666,2883.4,936.6666666666666,4.166666666666667,60.1,62.70000000000001,244076.92307692306,1947692.3076923077,147348.0,126567.66666666667,27162.333333333332,33.733333333333334,6338.333333333333,2.2,1.2,3.733333333333333,98.36666666666667,2.533333333333333,83.91445652173913,104037824.0,9852345.0,7.8,119458641.0,83580744.0,16894191.0,5.533333333333334,822.5333333333333,2.25,1.2033333333333334,4.294354838709677,3.9223076923076925,4.81,13.16,10.57,2.371451612903226,4.27,247.23833333333334,253.89533333333335,100.67566666666666,100.568,251.31966666666668,211.6496666666667,301.55733333333336,478.1176666666667,125.073,205.104,402.68,655.6666666666666,1235.6666666666667,1322.0,64.2,312.3623333333333,6758.380317460318,10.307936507936507,327691.6666666667,255941.33333333334,875.3333333333334,18.124,2051.989,30.233333333333334,55.26587301587302,2.514307692307692,110.97474426229508
2018-06-30,15133.06,17204.666666666668,14927.5,26.77,351.0,3.3333333333333335,102.478,1472.227,663.498,1180.8,1509.5,2939.4,960.6333333333333,4.033333333333333,60.300000000000004,62.86666666666667,227230.76923076922,1964769.2307692308,147998.0,127318.33333333333,27583.666666666668,33.699999999999996,6663.666666666667,2.1333333333333333,1.2333333333333334,3.766666666666667,98.93333333333334,2.733333333333333,91.99477777777778,105100166.0,9916567.0,3.266666666666667,120572068.0,83944888.0,17480717.0,5.8,880.2333333333332,2.27,1.4466666666666665,4.528225806451613,4.282307692307692,4.74,13.63,10.22,2.7585245901639346,4.47,249.3216666666667,255.72866666666667,101.37966666666667,101.20800000000001,252.33533333333335,217.572,303.9363333333333,481.825,125.72766666666666,209.35966666666664,408.32,629.0,1298.0,1341.0,64.2,315.19266666666664,7253.848524590164,17.354754098360658,328091.0,256937.0,880.3333333333334,17.42833333333333,1987.756,30.46666666666667,62.90573770491803,2.575923076923077,107.99646
2018-09-30,15349.067,17407.166666666668,15061.433333333334,26.973333333333333,351.0,3.233333333333333,103.012,1479.569,669.037,1211.8666666666666,1543.2666666666667,2966.1,968.3333333333334,3.9333333333333336,60.46666666666667,62.93333333333334,221846.15384615384,1763769.2307692308,148707.33333333334,128533.0,27140.666666666668,33.766666666666666,7041.0,2.3,1.2,3.8666666666666667,98.33333333333333,2.8333333333333335,93.35659340659342,106340169.0,9989389.0,4.3,121937789.0,84841087.0,17795344.0,6.1000000000000005,939.9333333333334,2.25,1.7366666666666666,4.796875,4.544615384615384,5.05,14.14,10.31,2.920625,4.776666666666666,250.679,257.058,101.91199999999999,101.75133333333333,252.966,220.38566666666665,306.57033333333334,484.7763333333333,127.05799999999999,210.316,415.81,646.6666666666666,1275.0,1353.6666666666667,64.3,317.7776666666667,7355.9390625,15.3375,328525.6666666667,257456.0,914.6666666666666,17.718666666666667,2017.635,27.53333333333333,68.06546875,2.8423846153846153,110.618409375
2018-12-31,15563.066,17648.366666666665,15220.266666666668,27.209999999999997,354.0,3.4333333333333336,104.021,1499.864,679.784,1245.0333333333333,1562.9666666666665,2989.0,976.8333333333334,3.766666666666667,60.43333333333334,62.800000000000004,207538.46153846153,1602076.923076923,149218.33333333334,128982.0,26945.333333333332,33.733333333333334,7269.666666666667,2.3,1.2,3.8333333333333335,98.06666666666666,2.8666666666666667,84.38434782608695,108415110.0,10063309.0,1.8333333333333337,124180224.0,86560031.0,18141904.0,6.633333333333333,1028.5,2.3,1.9233333333333331,5.007936507936508,4.566923076923077,5.05,14.38,10.08,2.9238095238095236,4.8133333333333335,251.68633333333332,257.98600000000005,102.25433333333335,102.07566666666666,253.94966666666667,222.22166666666666,308.8586666666667,484.85266666666666,124.75666666666666,211.68133333333333,420.9,605.3333333333334,1248.6666666666667,1307.0,64.4,320.68833333333333,7874.576984126984,12.856825396825396,329039.6666666667,258066.33333333334,881.3333333333334,17.656333333333333,2039.255,25.333333333333332,69.68730158730159,2.8406153846153845,113.64876666666666
2019-03-31,15770.966,17852.633333333335,15365.266666666668,27.456666666666667,355.0,3.8333333333333335,104.364,1529.663,673.633,1302.0,1602.2,3010.6,983.8666666666667,3.8333333333333335,60.56666666666666,62.93333333333334,221230.76923076922,1681461.5384615385,149651.0,129496.66666666667,27066.666666666668,33.7,7462.333333333333,2.3,1.2333333333333334,3.9333333333333336,98.13333333333333,2.8000000000000003,99.29858695652173,103978606.0,10121618.0,3.933333333333333,119875965.0,82654319.0,17629227.0,7.2,1137.9666666666667,2.34,2.22,5.278225806451613,4.7846153846153845,5.29,14.73,10.65,3.0411475409836064,5.14,252.711,259.473,102.642,102.55233333333332,254.97799999999998,219.38400000000001,311.26,487.3623333333333,125.15866666666666,211.14466666666667,422.31,575.0,1165.6666666666667,1309.6666666666667,64.8,323.49600000000004,7215.113968253968,21.053650793650796,329521.6666666667,258703.33333333334,809.3333333333334,18.043000000000003,2069.109,27.133333333333336,59.96557377049181,2.622642857142857,115.69988360655738
2019-06-30,15997.305,18152.7,15554.4,27.683333333333334,355.0,3.5,106.825,1533.982,674.44,1311.2666666666667,1609.2,3106.066666666667,1019.1999999999999,3.8666666666666667,60.63333333333333,63.06666666666666,218461.53846153847,1786538.4615384615,150140.66666666666,129798.33333333333,26844.0,33.699999999999996,7295.0,2.3333333333333335,1.1333333333333335,3.8333333333333335,94.46666666666665,2.6,108.80855555555556,109422952.0,10175756.0,5.666666666666667,125350404.0,88009409.0,17533028.0,8.266666666666667,1316.6333333333334,2.32,2.4033333333333333,5.5,4.373846153846154,5.5,15.09,10.36,2.652950819672131,4.97,253.38566666666665,261.173,102.851,102.96366666666667,257.15566666666666,209.13933333333333,314.0403333333333,490.5133333333333,124.21933333333334,207.77033333333335,427.06,653.6666666666666,1179.3333333333333,1278.3333333333333,64.2,326.3576666666667,7343.621967213115,16.47,329868.3333333333,258389.33333333334,844.0,17.258,2079.842,29.53333333333333,54.82311475409836,2.357666666666667,114.5548779661017
2019-09-30,16074.939,18292.666666666668,15542.9,27.88,358.0,3.8333333333333335,106.838,1535.592,682.8,1341.5666666666666,1619.9333333333334,3142.7999999999997,1026.7,3.6333333333333333,60.6,62.9,218384.61538461538,1641000.0,150682.33333333334,130038.33333333333,26984.333333333332,33.63333333333333,7247.0,2.3,1.2333333333333334,3.8666666666666667,98.46666666666665,2.6999999999999997,103.420989010989,112317529.0,10254843.0,2.9,128449176.0,89883048.0,18471095.0,7.333333333333333,1178.1333333333334,2.35,2.3966666666666665,5.5,4.010769230769231,5.35,15.13,10.63,2.338888888888889,4.596666666666667,255.24733333333333,262.31766666666664,103.42633333333333,103.39866666666667,257.6983333333333,219.28966666666665,317.05033333333336,494.5246666666667,124.13833333333332,211.34933333333333,434.2,683.0,1269.3333333333333,1322.6666666666667,64.1,329.784,7876.083640625,15.183015873015872,330245.3333333333,258863.66666666666,865.6666666666666,17.572,2088.037,27.26666666666667,59.880158730158726,2.791692307692308,115.429475
2019-12-31,16222.056,18417.36666666667,15647.733333333332,28.11,360.0,3.6333333333333333,106.889,1570.867,690.231,1365.1000000000001,1597.5666666666666,3166.1,1034.4333333333334,3.6,60.86666666666667,63.13333333333333,209769.23076923078,1611230.7692307692,151157.0,130964.66666666667,26938.333333333332,33.56666666666667,7114.666666666667,2.3333333333333335,1.2333333333333334,3.9,93.8,2.6999999999999997,122.82749999999999,112798322.0,10330399.0,3.0999999999999996,129133434.0,90480107.0,18407101.0,6.8999999999999995,1117.2666666666667,2.33,2.19,5.3076923076923075,3.6584615384615384,5.27,15.1,10.07,1.79796875,4.0200000000000005,256.08933333333334,263.8483333333333,103.675,103.78266666666667,258.404,214.51933333333332,319.5276666666667,500.02866666666665,124.68599999999999,209.42966666666666,439.75,690.6666666666666,1308.6666666666667,1443.3333333333333,64.8,332.8786666666667,8067.46390625,15.96015625,330728.6666666667,259431.66666666666,908.3333333333334,17.761333333333333,2110.233,26.333333333333332,56.336349206349205,2.6532142857142853,116.4749046875
2020-03-31,16363.691,18589.933333333334,15722.933333333334,28.319999999999997,362.0,3.6333333333333333,108.736,1582.66,706.257,1368.1333333333332,1587.3,3173.433333333333,1042.6666666666667,3.6,61.03333333333333,63.29999999999999,224230.76923076922,1690615.3846153845,151640.33333333334,131585.0,26993.666666666668,33.56666666666667,6958.666666666667,2.3,1.2333333333333334,3.8666666666666667,97.2,2.433333333333333,100.32478260869564,115670958.0,10391320.0,2.233333333333333,132199662.0,93683295.0,18180524.0,6.733333333333333,1100.6333333333334,2.35,1.6433333333333333,4.834677419354839,3.7,5.45,14.87,10.21,1.7919354838709676,3.9133333333333336,257.888,265.5126666666667,104.08266666666667,104.14733333333334,259.98833333333334,217.97866666666667,321.5733333333333,508.541,123.29933333333334,211.63,443.65,711.6666666666666,1408.6666666666667,1500.3333333333333,65.1,335.4866666666667,8445.70734375,13.98578125,331208.0,260015.33333333334,936.6666666666666,17.363,2173.772,26.733333333333334,56.84492063492063,2.590307692307692,116.41376721311475
2020-06-30,16516.203,18768.033333333333,15815.133333333331,28.566666666666666,367.0,3.5,111.295,1583.418,729.239,1371.1666666666667,1551.0,3221.5333333333333,1068.4333333333334,3.8333333333333335,60.666666666666664,63.06666666666666,865692.3076923077,2376230.769230769,151739.66666666666,130228.0,27249.333333333332,33.56666666666667,6661.333333333333,2.1666666666666665,3.6999999999999997,3.733333333333333,96.63333333333333,2.3666666666666667,203.17505494505494,109838462.0,10462087.0,3.533333333333333,126396090.0,86815100.0,19077121.0,8.9,1470.1333333333332,2.46,1.26,4.395161290322581,3.5215384615384617,5.29,15.09,9.63,1.365,3.89,258.81766666666664,267.0466666666667,104.44466666666666,104.61666666666667,261.959,212.04066666666668,324.17,513.188,122.32900000000001,209.75033333333332,448.8,674.0,1465.3333333333333,1434.0,65.3,338.52733333333333,8771.729193548386,31.22451612903226,331545.3333333333,259629.33333333334,960.6666666666666,15.268333333333333,2159.532,39.166666666666664,45.33516129032258,2.3946153846153844,117.75593064516129
2020-09-30,18086.128,20198.266666666666,17391.833333333332,29.713333333333335,393.0,3.8000000000000003,117.82,1429.455,736.238,1353.6000000000001,1507.7333333333333,5516.966666666667,1075.0,13.0,52.866666666666674,60.800000000000004,2729307.6923076925,18498000.0,133712.33333333334,116607.33333333333,21095.666666666668,33.86666666666667,5449.0,1.7,3.4,4.866666666666666,74.06666666666666,2.766666666666667,451.504065934066,117465807.0,10525953.0,-42.49999999999999,134030372.0,93971632.0,19562086.0,24.233333333333334,4411.2,2.0,0.06,3.25,3.2392307692307694,5.13,14.52,9.5,0.6876190476190476,3.9066666666666667,256.292,265.669,104.01666666666665,104.42,268.003,183.78666666666666,324.92966666666666,518.9296666666667,115.658,191.2206666666667,453.33,728.0,1080.3333333333333,1221.0,67.9,340.9186666666667,9091.0,34.493650793650794,331765.6666666667,260049.0,777.3333333333334,11.664666666666667,1977.89,949.7666666666668,27.96047619047619,1.9423846153846152,121.8336421875
2020-12-31,17601.13,19851.733333333334,16792.86666666667,29.463333333333335,384.0,3.4333333333333336,116.085,1710.708,752.498,1368.9666666666665,1486.8333333333333,4409.900000000001,1080.2333333333333,8.799999999999999,56.1,61.53333333333333,1042538.4615384615,14124307.692307692,140615.33333333334,121689.33333333333,24535.333333333332,34.06666666666667,6490.0,2.1666666666666665,1.1666666666666667,4.333333333333333,75.66666666666667,2.9,302.514347826087,122307891.0,10663806.0,-4.633333333333333,139130911.0,97660289.0,20584523.0,15.033333333333333,2649.4333333333334,1.81,0.09333333333333334,3.25,2.9523076923076923,4.98,14.58,9.26,0.650625,3.313333333333333,259.22166666666664,268.248,104.835,105.19666666666666,268.844,193.99266666666668,326.6913333333334,522.848,116.88,199.944,461.34,992.0,1465.0,1574.3333333333333,67.4,342.6493333333333,10926.85359375,25.80890625,331938.3333333333,260557.66666666666,1054.0,15.995,2170.988,801.0333333333333,40.89171875,2.182769230769231,117.3474875
2021-03-31,17330.27,19708.600000000002,16451.033333333333,29.69666666666667,376.0,3.4333333333333336,119.032,1674.448,755.736,1502.5666666666666,1478.0333333333335,3792.366666666667,1088.0333333333335,6.766666666666667,57.43333333333334,61.56666666666666,794538.4615384615,6514461.538461538,142580.33333333334,124369.33333333333,25489.0,34.233333333333334,6797.0,2.3000000000000003,1.3333333333333333,4.1,79.8,2.6333333333333333,258.1933695652174,130656525.0,10783195.0,-3.466666666666667,147749279.0,104949667.0,21503953.0,12.200000000000001,2116.3333333333335,1.94,0.09000000000000001,3.25,2.7607142857142857,4.95,14.65,9.65,0.864516129032258,3.3000000000000003,261.0916666666667,269.876,105.36933333333333,105.66933333333334,270.02333333333337,199.6,327.813,520.4586666666667,117.512,205.2603333333333,471.44,927.3333333333334,1566.6666666666667,1686.3333333333333,65.8,343.786,11954.46671875,25.62171875,332111.6666666667,261080.0,1210.0,16.589333333333332,2288.481,322.0,42.52492063492064,2.1503076923076923,113.91718
2021-06-30,19680.548,22224.766666666663,18470.433333333334,30.003333333333334,373.0,3.3666666666666667,119.121,1699.759,754.372,1613.1333333333332,1476.5,6093.566666666667,1106.0333333333333,6.233333333333333,57.56666666666666,61.43333333333334,756615.3846153846,4488538.461538462,143491.66666666666,125373.0,24873.0,34.266666666666666,7829.333333333333,2.4,1.0666666666666667,4.1000000000000005,80.23333333333333,3.1333333333333333,183.3198888888889,136273426.0,10922086.0,-1.7333333333333334,153534082.0,108929100.0,23013437.0,19.566666666666666,3945.766666666667,1.69,0.08,3.25,2.875833333333333,5.21,14.75,9.46,1.3359016393442622,3.466666666666667,263.74233333333336,270.87966666666665,106.56700000000001,106.57166666666667,271.4186666666667,220.44299999999998,329.202,523.177,118.56299999999999,213.669,482.86,841.0,1570.0,1771.6666666666667,65.6,345.08200000000005,13351.456721311475,23.20245901639344,332056.0,260924.0,1128.0,17.105333333333334,2465.136,588.4666666666667,58.09344262295082,2.5686923076923076,112.36396166666667
2021-09-30,18449.207,21117.066666666666,17060.399999999998,30.39,371.0,3.233333333333333,121.057,1848.911,769.971,1743.8,1477.8,4410.666666666667,1109.4666666666667,5.933333333333334,57.96666666666667,61.63333333333333,487692.3076923077,3573384.6153846155,145157.33333333334,126204.66666666667,25325.0,34.36666666666667,9873.0,2.6999999999999997,0.9333333333333332,4.266666666666667,85.56666666666666,4.066666666666666,121.77571428571429,143804497.0,11379473.0,7.899999999999999,161782352.0,113753790.0,25484174.0,10.4,1917.1000000000001,1.53,0.07,3.25,3.003846153846154,5.28,14.61,9.58,1.59078125,3.5533333333333332,268.5503333333333,275.59200000000004,108.18433333333333,108.08666666666666,274.2146666666667,230.23733333333334,332.38466666666665,523.8446666666667,120.60833333333333,226.563,509.67,749.3333333333334,1584.3333333333333,1692.3333333333333,65.4,347.223,13848.436507936507,18.0,332217.6666666667,261217.0,1109.0,17.383,2644.988,437.5,66.18666666666667,2.9703076923076925,111.826015625
2021-12-31,18486.877,21227.933333333334,16864.966666666664,30.80666666666667,367.0,4.2,122.646,1870.426,782.632,1832.8999999999999,1467.2666666666667,4146.5,1116.6666666666667,5.066666666666666,58.6,61.73333333333333,362153.8461538461,2850230.769230769,147282.33333333334,127673.33333333333,25623.0,34.233333333333334,10896.333333333334,2.8333333333333335,0.9666666666666667,4.466666666666666,74.76666666666667,4.633333333333333,124.84434782608696,147420124.0,11591933.0,10.266666666666667,165744721.0,115457426.0,26968058.0,8.6,1592.1333333333332,1.52,0.09000000000000001,3.25,2.8721428571428573,5.14,14.54,9.39,1.32484375,3.236666666666667,272.8296666666667,279.1143333333334,109.65466666666667,109.36933333333333,279.3963333333333,240.8273333333333,336.27500000000003,524.6246666666667,121.29166666666667,234.9476666666667,538.02,722.0,1590.6666666666667,1685.0,65.4,350.04733333333337,14839.97234375,18.28734375,332632.0,261615.33333333334,1116.6666666666667,13.930666666666667,2740.565,202.96666666666667,70.57546875,3.1563846153846153,113.304753125
2022-03-31,18586.976,21425.866666666665,16676.899999999998,31.253333333333334,361.0,4.533333333333333,124.409,1855.551,799.901,1896.0,1469.6666666666667,3990.1,1126.2666666666667,4.166666666666667,59.26666666666667,61.9,248692.3076923077,2025769.2307692308,149206.0,129440.33333333333,25880.666666666668,34.2,11319.0,2.9,0.9,4.533333333333333,69.89999999999999,4.833333333333333,127.22423913043477,151597877.0,11814490.0,16.066666666666666,170307266.0,118974963.0,27373467.0,6.733333333333333,1253.8,1.55,0.08,3.25,3.079230769230769,4.58,14.51,9.09,1.5333870967741934,3.31,278.77133333333336,283.418,111.48433333333332,110.79199999999999,285.9783333333333,262.151,340.47433333333333,529.4119999999999,123.64433333333334,247.4143333333333,556.37,762.3333333333334,1668.3333333333333,1785.0,65.5,354.1913333333334,15390.78671875,19.27515625,333105.0,262024.33333333334,1163.6666666666667,13.216333333333333,2849.597,30.733333333333334,77.32730158730159,3.335538461538462,114.96657213114754
2022-06-30,18374.35,21633.5,16180.300000000001,31.680000000000003,363.0,5.966666666666666,124.995,1835.997,818.606,1905.3,1488.3333333333333,4069.2999999999997,1199.1666666666667,3.8666666666666667,59.9,62.300000000000004,225538.46153846153,1632692.3076923077,150715.33333333334,131915.0,25737.333333333332,34.06666666666667,11736.333333333334,2.8666666666666667,0.9,4.3999999999999995,63.13333333333333,5.066666666666667,154.27255555555556,152206047.0,12074013.0,15.1,171217715.0,116834375.0,29921609.0,3.8333333333333335,700.7666666666668,1.65,0.12,3.2943548387096775,3.822307692307692,4.87,14.56,9.39,1.9511290322580646,3.9466666666666668,284.90566666666666,288.02866666666665,113.58166666666666,112.45266666666667,292.84066666666666,282.87,344.653,536.776,125.972,259.6773333333333,576.63,767.6666666666666,1707.6666666666667,1889.3333333333333,65.4,359.27933333333334,14000.619999999999,25.372903225806454,333462.6666666667,263323.3333333333,1177.0,14.435,3222.172,24.366666666666664,95.18032258064517,3.656076923076923,115.4901935483871
2022-09-30,18615.769,21913.333333333332,16097.133333333333,32.083333333333336,359.0,6.733333333333333,125.154,1849.479,860.369,1938.3,1537.5333333333335,4118.733333333334,1206.8,3.6333333333333333,59.96666666666667,62.23333333333333,211846.15384615384,1391615.3846153845,151968.33333333334,132311.33333333334,25862.0,34.06666666666667,11559.666666666666,2.8333333333333335,0.9666666666666667,4.266666666666667,57.86666666666667,5.333333333333333,134.51164835164835,146360877.0,12333965.0,20.133333333333333,165744637.0,108853747.0,31953743.0,2.466666666666667,458.3666666666666,1.8,0.77,3.9285714285714284,5.266153846153846,5.15,15.13,8.73,2.9325806451612904,5.016666666666667,291.60533333333336,292.209,115.65833333333335,113.79533333333335,301.6426666666667,311.65433333333334,350.34999999999997,543.8870000000001,126.741,271.032,613.81,605.0,1636.3333333333333,1762.0,65.8,365.55133333333333,12195.24,27.3984375,333960.3333333333,263691.0,1089.0,13.909,3271.182,21.8,108.83435483870967,4.489846153846154,118.96356507936508
2022-12-31,19130.891,22354.166666666668,16353.833333333334,32.449999999999996,362.0,6.366666666666667,127.377,1889.057,887.162,1974.0333333333335,1592.0333333333335,4128.866666666666,1214.2333333333333,3.533333333333333,60.06666666666666,62.199999999999996,211307.6923076923,1400769.2307692308,153338.66666666666,132499.33333333334,26114.0,34.0,10822.666666666666,2.6999999999999997,0.9666666666666667,4.133333333333334,56.1,4.8999999999999995,125.37673913043479,142745564.0,12530236.0,15.5,162459883.0,106706020.0,30411267.0,3.3000000000000003,630.6666666666666,1.92,2.19,5.373076923076923,5.623076923076923,5.52,16.27,10.16,3.10109375,5.3500000000000005,295.453,296.61633333333333,116.98599999999999,115.23066666666666,310.6293333333333,302.25966666666665,357.10966666666667,553.019,127.468,268.049,623.29,573.6666666666666,1465.0,1619.3333333333333,66.0,373.7136666666667,11891.06984375,24.792727272727273,334627.6666666667,264184.0,910.0,14.058,3277.537,23.2,93.0640625,4.070230769230769,123.5284203125
2023-03-31,19521.072,22714.2,16519.066666666666,32.82,362.0,6.1000000000000005,127.543,1901.143,918.289,2029.3666666666668,1673.4333333333334,4241.666666666667,1225.8,3.5666666666666664,60.0,62.199999999999996,206928.57142857142,1479928.5714285714,154174.33333333334,132282.0,26473.666666666668,33.9,10660.333333333334,2.6333333333333333,1.0,4.0,58.800000000000004,4.766666666666667,139.8929347826087,143702050.0,12654093.0,9.633333333333333,163634528.0,108848593.0,29301759.0,3.8000000000000003,741.8666666666667,2.07,3.653333333333333,6.819672131147541,6.664615384615384,6.94,19.07,11.21,3.82672131147541,5.973333333333334,298.5416666666667,300.37266666666665,118.17566666666666,116.565,316.49033333333335,294.79400000000004,364.838,552.5216666666666,128.19666666666666,265.89166666666665,616.71,597.6666666666666,1392.0,1468.3333333333333,65.9,382.25533333333334,10871.376031746031,25.00265625,335349.3333333333,264695.6666666667,839.0,14.518666666666666,3240.805,25.833333333333332,82.78746031746032,3.5889230769230767,124.81290819672132
2023-06-30,20283.388,23108.666666666668,17001.3,33.14666666666667,364.0,6.366666666666667,128.545,1933.796,965.485,2092.7000000000003,1750.7,4238.166666666667,1340.9,3.533333333333333,60.300000000000004,62.5,216083.33333333334,1644583.3333333333,154992.0,133505.66666666666,26960.0,33.93333333333333,9943.333333333334,2.466666666666667,1.0999999999999999,3.933333333333333,64.60000000000001,3.9000000000000004,150.28488888888887,147350327.0,12742652.0,9.333333333333334,167325553.0,112184003.0,29497491.0,5.466666666666666,1107.5666666666666,2.22,4.516666666666667,7.693548387096774,6.372307692307692,7.46,20.09,11.48,3.646290322580645,5.6000000000000005,301.23033333333336,303.97066666666666,119.30833333333334,117.91633333333334,320.1323333333333,288.06166666666667,372.4083333333333,549.1476666666666,130.03166666666667,263.6466666666667,620.31,641.6666666666666,1373.0,1498.3333333333333,66.0,390.55833333333334,11481.441129032257,20.6840625,335978.0,266115.3333333333,826.0,15.582666666666668,2900.169,29.96666666666667,75.93016129032259,3.379923076923077,120.30960806451613
2023-09-30,20651.018,23461.533333333336,17182.766666666666,33.54,365.0,5.566666666666666,130.6,1931.691,998.019,2147.633333333333,1808.1333333333332,4268.933333333333,1352.6666666666667,3.533333333333333,60.333333333333336,62.6,229923.07692307694,1732230.7692307692,155636.66666666666,134479.0,26484.333333333332,33.8,9504.666666666666,2.433333333333333,1.0666666666666667,3.8333333333333335,62.300000000000004,4.066666666666666,150.97175824175824,153212310.0,12841412.0,9.333333333333334,173364055.0,115516178.0,31902347.0,5.8999999999999995,1219.5333333333335,2.37,4.989999999999999,8.158730158730158,6.510769230769231,7.59,20.84,11.48,3.5957142857142856,5.683333333333334,303.3976666666667,307.5026666666667,120.19,119.069,321.8623333333333,276.9483333333333,378.2876666666666,547.245,130.898,265.407,638.5,693.0,1457.3333333333333,1502.6666666666667,65.9,396.99933333333337,12676.755322580644,16.44125,336637.6666666667,266620.6666666667,937.3333333333334,16.31566666666667,2891.709,32.833333333333336,73.53887096774193,3.5746153846153845,119.39654761904762
2023-12-31,20894.643,23735.333333333332,17269.366666666665,33.916666666666664,366.0,5.266666666666667,132.603,1943.09,1012.853,2156.8333333333335,1850.7666666666667,4253.3,1359.8999999999999,3.6333333333333333,60.4,62.699999999999996,232071.42857142858,1793857.142857143,156240.33333333334,134179.0,27252.666666666668,33.8,9056.666666666666,2.3,1.0666666666666667,3.6666666666666665,69.56666666666666,3.3666666666666667,96.24260869565217,152056717.0,12959685.0,8.700000000000001,172394313.0,114102406.0,32264885.0,5.466666666666666,1137.8666666666666,2.52,5.260000000000001,8.432539682539682,7.04,8.3,21.19,12.17,4.14968253968254,5.973333333333334,305.989,309.693,120.99866666666667,119.76766666666667,323.874,285.1603333333333,383.37566666666663,547.7420000000001,130.95000000000002,269.316,649.07,684.6666666666666,1384.6666666666667,1552.0,66.0,402.61966666666666,13783.921746031745,15.01323076923077,337442.6666666667,267214.3333333333,981.3333333333334,16.200333333333333,2921.203,34.86666666666667,82.25031746031746,3.7452307692307696,119.85063333333333
2024-03-31,21168.04,24034.600000000002,17416.7,34.18,369.0,5.166666666666667,134.3,1959.256,1033.579,2192.4,1909.3999999999999,4266.4,1374.5333333333335,3.8000000000000003,60.23333333333333,62.63333333333333,211692.3076923077,1802076.923076923,156712.0,134119.0,27231.666666666668,33.766666666666666,8567.333333333334,2.2666666666666666,1.0333333333333334,3.6,64.93333333333334,3.9333333333333336,127.69793478260868,156278786.0,13029400.0,6.966666666666668,176785749.0,119119274.0,31767149.0,5.533333333333334,1172.0,2.61,5.33,8.5,7.303846153846154,8.51,21.47,12.35,4.4470967741935485,6.1866666666666665,308.195,312.348,121.54566666666666,120.40233333333333,325.93533333333335,283.2246666666667,388.4783333333333,552.2063333333333,130.43833333333333,269.6613333333333,649.37,643.3333333333334,1468.6666666666667,1512.6666666666667,65.7,408.3996666666667,13910.692698412699,15.28625,338288.6666666667,267818.3333333333,1045.0,15.947000000000001,2959.161,35.53333333333333,78.52672131147541,3.374769230769231,121.54992295081966
2024-06-30,21575.36,24478.733333333334,17596.2,34.54666666666667,365.0,4.7,136.202,1982.888,1069.014,2217.8333333333335,1906.6666666666667,4447.566666666667,1427.6000000000001,3.8333333333333335,60.23333333333333,62.6,212461.53846153847,1790615.3846153845,157245.33333333334,133069.33333333334,28097.0,33.73333333333333,8341.333333333334,2.1333333333333333,1.0333333333333334,3.5666666666666664,78.43333333333334,2.9333333333333336,129.66450549450548,161885618.0,13101946.0,9.166666666666666,182469046.0,123707367.0,32800551.0,6.133333333333333,1330.7,2.67,5.33,8.5,6.748461538461539,8.57,21.59,12.49,4.15639344262295,5.733333333333333,311.00333333333333,315.55833333333334,122.622,121.58766666666668,327.635,283.99066666666664,394.0756666666666,557.7243333333333,130.31666666666666,271.05566666666664,658.64,672.3333333333334,1410.0,1531.6666666666667,65.6,413.36899999999997,15692.028852459016,13.712539682539683,339034.6666666667,267711.6666666667,1062.3333333333333,16.007666666666665,3033.756,35.46666666666667,77.5039344262295,3.2249999999999996,120.6440129032258
2024-09-30,21843.211,24800.766666666666,17701.0,34.88666666666666,368.0,5.333333333333333,137.809,2013.245,1069.665,2225.6,1928.0333333333335,4533.5,1441.0,3.9666666666666663,60.1,62.6,223307.6923076923,1810384.6153846155,157611.0,133380.0,27945.333333333332,33.733333333333334,7575.666666666667,2.1333333333333333,1.0,3.4333333333333336,71.5,3.1666666666666665,99.1454945054945,164874727.0,13207660.0,2.6999999999999997,185616241.0,125051422.0,34421827.0,5.766666666666667,1262.5666666666666,2.72,5.33,8.5,6.995384615384615,8.65,21.51,11.92,4.448730158730158,5.923333333333333,313.0806666666667,318.04466666666667,123.40933333333334,122.45466666666668,328.99933333333337,283.3533333333333,398.528,563.4876666666667,132.07333333333332,271.96133333333336,674.27,686.3333333333334,1342.0,1440.0,65.6,417.9376666666667,16621.268571428573,13.980307692307692,339830.0,268250.6666666667,1008.3333333333334,16.203,3098.577,36.1,81.80571428571429,3.5605384615384614,122.51596031746033
2024-12-31,22002.573,25021.7,17755.333333333332,35.21333333333333,371.0,4.733333333333333,139.441,2031.727,1077.265,2214.566666666667,1930.2,4587.566666666667,1454.2333333333333,4.166666666666667,60.03333333333333,62.70000000000001,230769.23076923078,1851307.6923076923,157805.66666666666,133537.66666666666,28040.0,33.7,7296.333333333333,2.066666666666667,1.1,3.3666666666666667,68.13333333333334,2.8000000000000003,116.6904347826087,168988769.0,13312929.0,3.4000000000000004,189900811.0,129585241.0,34030465.0,5.1000000000000005,1127.2666666666667,2.73,5.263333333333333,8.4375,6.508461538461538,8.63,21.76,12.33,3.9546875,5.62,314.12100000000004,319.80733333333336,123.92966666666666,123.16833333333334,330.9433333333333,275.558,402.66333333333336,565.0106666666667,131.84099999999998,268.781,681.12,711.3333333333334,1340.0,1453.6666666666667,65.6,422.5173333333333,17610.60796875,17.066666666666666,340511.6666666667,268860.0,982.3333333333334,16.218666666666667,3141.087,36.96666666666667,76.4275,3.360357142857143,122.650203125
2025-03-31,22249.49,25322.43333333333,17843.266666666666,35.583333333333336,374.0,4.233333333333333,140.935,2064.46,1096.651,2216.8333333333335,1941.6666666666667,4653.033333333334,1469.1000000000001,4.133333333333333,59.9,62.46666666666667,225538.46153846153,1868923.076923077,158113.33333333334,133528.33333333334,27858.666666666668,33.7,7413.333333333333,1.9333333333333333,1.0999999999999999,3.2999999999999994,72.10000000000001,2.6999999999999997,177.70076086956522,169760700.0,13395530.0,2.3000000000000003,190620928.0,130544621.0,33535454.0,4.733333333333333,1052.3999999999999,2.76,4.6499999999999995,7.823076923076923,6.632307692307692,8.12,21.47,12.32,4.275483870967742,5.736666666666667,316.5876666666666,322.549,124.70333333333333,123.99666666666667,333.51866666666666,275.37100000000004,407.0,569.1866666666666,131.667,271.0876666666666,684.87,667.6666666666666,1388.0,1471.3333333333333,65.7,426.41900000000004,18983.1953125,17.363230769230768,341005.0,269463.3333333333,1008.0,16.900666666666666,3202.119,37.300000000000004,70.7290322580645,3.065153846153846,125.77585806451613
2025-06-30,22563.684,25717.733333333334,17943.13333333333,35.96333333333333,373.0,4.266666666666667,143.108,2103.269,1115.588,2241.366666666667,1954.5333333333335,4788.0,1529.8666666666668,4.133333333333334,59.96666666666667,62.53333333333333,221153.84615384616,1864384.6153846155,158318.33333333334,135190.33333333334,28300.666666666668,33.63333333333333,7208.333333333333,2.066666666666667,1.0999999999999999,3.3333333333333335,64.46666666666667,4.2,362.594,169608637.0,13479642.0,3.1999999999999997,190482710.0,129775279.0,34045175.0,5.133333333333333,1163.2666666666667,2.77,4.33,7.5,6.827692307692308,7.71,21.37,11.66,4.453606557377049,5.976666666666667,319.47499999999997,325.2643333333333,125.75966666666666,124.99966666666667,336.279,281.09133333333335,410.6703333333333,572.9063333333334,130.97299999999998,274.26500000000004,689.94,654.0,1396.6666666666667,1467.0,65.1,430.34999999999997,18951.462833333335,18.52111111111111,341380.6666666667,272851.6666666667,1011.6666666666666,16.906333333333333,3246.051,37.1,71.78333333333333,3.0974615384615385,127.64460163934426
2025-09-30,22786.61,25987.533333333336,18025.3,36.25333333333333,376.0,4.1000000000000005,143.527,2105.15,1119.216,2245.0333333333333,1960.6333333333332,4952.266666666666,1607.5,4.2,59.800000000000004,62.43333333333334,232153.84615384616,1910153.8461538462,158487.0,135104.0,28425.333333333332,33.63333333333333,7204.0,2.066666666666667,1.1333333333333335,3.4,55.03333333333334,6.033333333333334,486.75538461538457,175931076.0,13597300.0,2.6999999999999997,196975281.0,134974062.0,35075971.0,5.0,1140.3333333333333,2.75,4.33,7.5,6.788461538461538,7.63,21.16,11.57,4.361774193548388,6.206666666666667,320.78566666666666,327.00600000000003,126.42433333333334,125.80433333333333,338.4783333333333,276.426,414.04333333333335,578.3826666666668,131.06566666666666,269.56266666666664,700.24,662.6666666666666,1356.0,1420.0,65.0,434.038,18309.73209677419,23.56140625,341787.0,273389.0,941.0,16.636,3455.06,37.96666666666667,64.56725806451612,3.156615384615385,122.41503492063492
2025-12-31,23001.219,26269.566666666666,18070.8,36.596666666666664,376.0,4.133333333333334,145.716,2117.675,1112.239,2248.9666666666667,1971.1333333333332,5013.933333333333,1575.4333333333334,4.333333333333333,59.63333333333333,62.333333333333336,228461.53846153847,1937307.6923076923,158520.66666666666,134821.33333333334,28662.0,33.7,7059.0,1.9666666666666668,1.1333333333333335,3.266666666666667,58.333333333333336,4.666666666666667,340.26652173913044,181137271.0,13713640.0,3.1999999999999997,202414065.0,140445937.0,34586464.0,4.3999999999999995,1013.1333333333333,2.72,4.293333333333333,7.4609375,6.5661538461538465,7.51,21.39,11.14,4.26109375,5.976666666666667,323.23499999999996,329.59999999999997,127.29266666666666,126.69933333333334,341.099,277.428,417.30266666666665,584.377,131.81966666666668,271.543,704.26,686.6666666666666,1347.3333333333333,1397.0,65.3,437.19366666666673,21441.92765625,15.983030303030304,342177.0,274004.0,889.6666666666666,16.961,3612.566,38.5,65.77953125,3.1428461538461536,120.237221875
2026-03-31,23113.194,26424.86666666667,18030.3,36.95666666666667,376.0,3.4,147.059,2111.332,1110.995,2256.4333333333334,1986.8999999999999,5053.533333333333,1578.3666666666668,4.45,59.650000000000006,62.45,222769.23076923078,1923923.076923077,158429.66666666666,134770.0,29082.0,33.733333333333334,6855.333333333333,1.9666666666666668,1.0999999999999999,3.266666666666667,52.5,4.433333333333334,347.4514130434782,182866812.0,13783209.0,5.433333333333334,204373493.0,142618439.0,34130214.0,3.766666666666667,870.4,2.62,3.8966666666666665,7.023076923076923,6.226428571428571,7.62,20.97,11.63,4.1,5.833333333333333,325.547,331.4285,128.19966666666664,127.53266666666666,343.509,285.136,420.235,587.0395,132.10000000000002,274.09299999999996,708.31,710.6666666666666,1323.3333333333333,1438.0,65.7,439.5955,23137.8425,17.74523076923077,342433.3333333333,274724.5,922.6666666666666,16.083666666666666,3705.97,38.300000000000004,59.615967741935485,2.993,120.74873548387096
2026-06-30,23429.553,26649.399999999998,18072.333333333332,37.25666666666667,376.0,3.933333333333333,147.843,2138.045,1127.65,2285.6666666666665,1995.8666666666668,5099.7,1630.3333333333333,4.333333333333333,59.300000000000004,62.0,211846.15384615384,1843076.923076923,158559.33333333334,134486.0,28498.333333333332,33.8,7016.333333333333,1.9666666666666668,1.0999999999999999,3.3333333333333335,55.43333333333334,3.733333333333333,372.4724444444444,182979889.0,13852982.0,5.333333333333333,204539939.0,141605209.0,34902358.0,3.9,915.5666666666666,2.64,3.64,6.75,6.109166666666667,7.37,21.0,11.36,4.197868852459016,5.91,328.1136666666667,333.49,129.655,128.91966666666667,346.16533333333336,292.8926666666667,422.992,591.2503333333333,134.31533333333334,277.48533333333336,713.09,621.6666666666666,1417.6666666666667,1432.0,65.3,441.95166666666665,22823.620000000003,20.42904761904762,342582.6666666667,274766.6666666667,944.6666666666666,15.850666666666667,3645.437,36.43333333333334,72.73508196721312,3.1578461538461537,119.06635081967214
