state_fips,state,period,PC1,PC2,PC3,PC4,Cluster_ID,Cluster,Silhouette_Value,Distance_to_Assigned_Centroid
01,Alabama,Baseline_2015_2019,-2.7099862466088296,-1.2758150483519508,-0.08084212539643418,0.5049478709860963,6,Cluster_6,0.45995464862485425,1.050315959882105
02,Alaska,Baseline_2015_2019,1.1638712808747214,3.0991168390428383,-0.6307608807960855,0.6100132529860336,3,Cluster_3,0.637017230638876,0.734513020829646
04,Arizona,Baseline_2015_2019,-1.0476600770162143,-0.6401776065314096,-1.4029237576010227,-1.001402424299705,5,Cluster_5,0.31958558946235516,1.4362878754636572
05,Arkansas,Baseline_2015_2019,-3.063426122973984,-0.5767247698510765,0.8609841808383545,-0.31363413460429895,6,Cluster_6,0.25778506052665456,1.5439947718208793
06,California,Baseline_2015_2019,2.2412289802142387,0.5904080163467484,-0.7316357719434902,0.45344923667686027,0,Cluster_0,0.2627007700003102,1.5967577757515812
08,Colorado,Baseline_2015_2019,0.8092910533311071,-0.17033912945469273,-1.7760369992061598,-0.15716302381035344,5,Cluster_5,0.3930028716633804,0.8585386296855079
09,Connecticut,Baseline_2015_2019,3.195707371717527,-0.013451580887093898,1.5333470278013464,0.5199750304182902,4,Cluster_4,0.29607207959895615,1.3318758212082995
10,Delaware,Baseline_2015_2019,1.919621650438064,-0.1443125552079994,0.5939778764911513,-0.5042354450503517,0,Cluster_0,0.2567742097214948,1.3641767474059454
12,Florida,Baseline_2015_2019,-0.7631920640988227,-0.7333230344825112,-1.4767259114271598,-1.3714543315615568,5,Cluster_5,0.34382357195562757,1.5105828224710747
13,Georgia,Baseline_2015_2019,-0.4656960803806287,-1.4872195360477638,-1.3617331166657018,0.18697234216542816,5,Cluster_5,0.3737639407466314,1.1562221882129131
15,Hawaii,Baseline_2015_2019,-0.05534052328879192,0.035273227298349946,-2.0427077339451416,-0.33936482293223835,5,Cluster_5,0.5226071885325737,0.8551561073500183
16,Idaho,Baseline_2015_2019,-3.187846079701222,0.5444697900356045,-1.0296583701953377,-0.28033206814049116,1,Cluster_1,0.14448537787694168,1.9771268467663579
17,Illinois,Baseline_2015_2019,1.264281321182522,-1.371355438612457,-0.529321536738233,0.5002455348243995,0,Cluster_0,0.1418271169949114,1.3078826302149409
18,Indiana,Baseline_2015_2019,-1.9867595752977412,-1.2584243979648264,1.0018286443428828,1.755855166009573,6,Cluster_6,0.3804457527924021,1.2675564312349938
19,Iowa,Baseline_2015_2019,-1.884524437429489,0.25816354959373317,0.6474399541643414,1.6464619390608288,6,Cluster_6,0.29415282131177295,1.4526484900819496
20,Kansas,Baseline_2015_2019,-1.3702381983019563,-0.38437862428251784,0.03437219367491777,0.5071748036313032,6,Cluster_6,0.142710133062544,0.8872464069137189
21,Kentucky,Baseline_2015_2019,-2.727916179474756,-0.8635677814250541,0.2843328121547259,0.41183656173922656,6,Cluster_6,0.44937759739751043,0.8270682707895437
22,Louisiana,Baseline_2015_2019,-1.6456700071434287,0.904248160173821,-0.2292084591547578,-0.5903276593447354,1,Cluster_1,0.40874812943123096,0.43129417901787453
23,Maine,Baseline_2015_2019,-2.261951632264248,0.169773777882043,1.1598073079293236,-1.0815317712247456,1,Cluster_1,0.1576443591989777,1.4601737962997046
24,Maryland,Baseline_2015_2019,2.176387719560231,-1.0785629051483137,-0.9279869629611175,-0.9818774717048032,0,Cluster_0,0.4106591271015452,0.9142534318115438
25,Massachusetts,Baseline_2015_2019,3.569275630026944,-0.41521467362248776,1.2542055415894193,-0.7348507890548652,4,Cluster_4,0.22614827855667655,1.3877487758698213
26,Michigan,Baseline_2015_2019,-1.186672655199319,-1.6183935659943798,0.43486694892440114,0.3078696442402045,6,Cluster_6,0.11055818396742975,1.1881080889562536
27,Minnesota,Baseline_2015_2019,0.22306747017996142,-0.17553549898449117,1.1513459722890627,0.09239672556196295,2,Cluster_2,0.4941947393710417,0.6365143901213935
28,Mississippi,Baseline_2015_2019,-4.182428083910274,-0.3132131088035606,0.5795937371541906,-0.1501239640926913,6,Cluster_6,0.16333283235167073,2.4152527804296713
29,Missouri,Baseline_2015_2019,-1.3550237008253245,-0.9363021030828472,0.5435603602706166,-0.8644129784222291,2,Cluster_2,0.06705085476380634,1.5504271524778663
30,Montana,Baseline_2015_2019,-2.7863003865515155,1.6272508827466867,-0.6821913395445434,-1.0270018883378136,1,Cluster_1,0.4048100757010314,1.5058993204063464
31,Nebraska,Baseline_2015_2019,-0.7324858329117471,0.2596138244094832,-0.0685997902168477,0.6017699450815398,2,Cluster_2,0.16017028470740546,1.3634081442748944
32,Nevada,Baseline_2015_2019,-0.6937854607541779,-0.28144245363175807,-3.0724013935037844,0.1257224971009413,5,Cluster_5,0.4415818818291695,1.8347038857991798
33,New Hampshire,Baseline_2015_2019,0.1794609554618966,-0.7072084673503258,0.3849173766361303,0.5687506453969827,2,Cluster_2,0.3434169331477296,0.8269009148726694
34,New Jersey,Baseline_2015_2019,2.469492266946938,-0.9742524963986088,-0.35306345957027635,-0.5440736703689918,0,Cluster_0,0.5365901120967798,0.4571080457035507
35,New Mexico,Baseline_2015_2019,-2.083460834626621,1.5095400802623962,-0.7173622169480628,-2.1133623776018666,1,Cluster_1,0.40313918422356443,1.7585390694748353
36,New York,Baseline_2015_2019,4.021634172435238,0.2765725704421915,0.9063240761984366,-0.5231090957049053,4,Cluster_4,0.4246733597212595,0.6785169141382003
37,North Carolina,Baseline_2015_2019,-1.0266516393996363,-1.2592369007882602,-0.32837513352545694,0.10087601807000972,6,Cluster_6,0.026569369884821104,1.4490848281911723
38,North Dakota,Baseline_2015_2019,-0.19230886986468526,3.2182839416045343,-0.38587801038417574,0.8153642286610453,3,Cluster_3,0.5709735712535774,0.6850757997626079
39,Ohio,Baseline_2015_2019,-0.9353794132058921,-1.1767932561065624,1.0568105921932778,0.03014098048874361,2,Cluster_2,0.14071894277706035,1.1330227672092392
40,Oklahoma,Baseline_2015_2019,-2.092834636717446,0.8477808149929222,-1.1457013110389618,0.11942763628186182,1,Cluster_1,0.24927058552056225,1.5933360442071314
41,Oregon,Baseline_2015_2019,-1.1381827372385862,0.39332927306494786,-0.5163547025669893,0.2575669815353501,1,Cluster_1,0.05800672260292706,1.4645901103774446
42,Pennsylvania,Baseline_2015_2019,0.05251493768810042,-0.22784652884252687,1.2281039502888151,-0.7068226942042968,2,Cluster_2,0.47234623754351784,0.8784374615319736
44,Rhode Island,Baseline_2015_2019,-0.17905203045595697,-0.8942773520440694,1.045137002217764,-1.1676358420483124,2,Cluster_2,0.4242082332748958,1.2565593739972365
45,South Carolina,Baseline_2015_2019,-2.233891614841611,-1.6685369685888525,-0.6015044213752376,0.27021389082010117,6,Cluster_6,0.35822340279766335,1.464746747766448
46,South Dakota,Baseline_2015_2019,-1.9241755566799108,1.290820377718246,1.079906934583189,0.5228149450688511,1,Cluster_1,0.1559163668942081,1.5745946587247397
47,Tennessee,Baseline_2015_2019,-1.3324935372971636,-1.6374516158447676,-0.10962522664554825,0.24214875442473882,6,Cluster_6,0.19899622149925575,1.279860181035328
48,Texas,Baseline_2015_2019,0.0004805153363458129,0.3721992047711835,-1.2649442862722622,0.13314301823280472,5,Cluster_5,0.36804013663047064,0.9825420253841036
49,Utah,Baseline_2015_2019,-1.3186535408264932,-1.1107323221768328,-1.7280899768529743,0.4252652720931174,5,Cluster_5,0.21896425046874915,1.655120520660215
50,Vermont,Baseline_2015_2019,-2.0930367489608597,0.6776890683698166,1.2522670270288974,-0.48130801982758287,1,Cluster_1,0.21078890385020932,1.2206788584355621
51,Virginia,Baseline_2015_2019,1.3630309993895262,-1.844793201901958,-1.6897545101311966,-0.5714618299599545,0,Cluster_0,0.0007650818817312881,1.8154431518310596
53,Washington,Baseline_2015_2019,1.6319036662996784,1.3050093138566587,-0.4291153413136694,1.263606969132275,3,Cluster_3,0.06960153319152736,2.25713300584703
54,West Virginia,Baseline_2015_2019,-2.9066233415470113,1.7528204818522282,1.1141375437614423,-1.868762839476288,1,Cluster_1,0.3680957107539957,2.0382399309213843
55,Wisconsin,Baseline_2015_2019,-1.7069676337990387,-0.7387415578135084,0.9560955594441448,1.5515523079458502,6,Cluster_6,0.35758865072508345,1.0240468650611418
56,Wyoming,Baseline_2015_2019,-0.7730284348978884,3.984392959500024,-1.7888686936976785,1.1045768628212018,3,Cluster_3,0.4808867564211934,1.9193168786400798
01,Alabama,Shock_2020_2022,-2.084417469187599,-1.2887626087592496,-0.01908398924436928,0.5634357920375145,6,Cluster_6,0.43451977086478016,0.7096993022832755
02,Alaska,Shock_2020_2022,1.3004422961387705,2.951419747809106,-0.1606034672311181,0.21948650320323315,3,Cluster_3,0.579208793482299,1.1300365032494664
04,Arizona,Shock_2020_2022,0.10921325904442869,-0.49503378612955357,-0.9787888233952695,-0.7458168931302457,5,Cluster_5,0.3745006185868883,0.7709008015586576
05,Arkansas,Shock_2020_2022,-2.3297317390831664,-0.5549995915510354,0.8582791519192678,-0.08016526917755375,6,Cluster_6,0.32853470404771595,0.9601533512145007
06,California,Shock_2020_2022,4.0838386760522125,0.852935662853241,-0.14543164806618428,0.5603656048597118,4,Cluster_4,0.3399352416042953,1.3159661619678746
08,Colorado,Shock_2020_2022,2.266486574260147,-0.1643790081541673,-1.5080396330376533,0.02438349332484367,0,Cluster_0,0.2713422249770222,1.2391487850187508
09,Connecticut,Shock_2020_2022,3.566517313717039,0.04502599843492334,1.870540253129081,0.3567555012989203,4,Cluster_4,0.420565905719331,1.2017165807850083
10,Delaware,Shock_2020_2022,2.330597089767141,-0.159514445500566,0.636147026641512,-0.5668465798404269,0,Cluster_0,0.2807858849533934,1.375574443251486
12,Florida,Shock_2020_2022,0.2771553361038674,-0.8288887228499632,-1.3690025295305333,-1.2484303813919844,5,Cluster_5,0.3874150415572273,1.1543918246375062
13,Georgia,Shock_2020_2022,0.30405148842501284,-1.5187699191131705,-1.3414480984837964,0.19711919741767728,5,Cluster_5,0.3767935982061352,1.0619051368548298
15,Hawaii,Shock_2020_2022,0.415511902513684,0.2279212252578779,-1.3964224138135548,-0.6440736142062238,5,Cluster_5,0.43626051923729586,0.9709144211921578
16,Idaho,Shock_2020_2022,-2.1350988375965105,0.5645105075490391,-0.9072668235599212,-0.1746690433562607,1,Cluster_1,0.25604511115950973,1.3343818291630962
17,Illinois,Shock_2020_2022,1.9872262620894476,-1.309527824785999,-0.30802965067890614,0.4975220205684221,0,Cluster_0,0.41932455646497174,0.9021111250730652
18,Indiana,Shock_2020_2022,-1.2129293554485892,-1.1328760457290572,1.1531655439055346,1.7963126694333653,6,Cluster_6,0.23917077601112846,1.5363487413825967
19,Iowa,Shock_2020_2022,-1.2043090685510864,0.3229458557740107,0.7760548020440395,1.8765639191787853,6,Cluster_6,0.15228198971206605,1.8420229543109992
20,Kansas,Shock_2020_2022,-0.8580476310368083,-0.21297379507635614,0.3439943768414178,0.598207711900534,2,Cluster_2,0.11650369909809213,1.049596628476378
21,Kentucky,Shock_2020_2022,-2.0980035814092104,-0.8165951761363098,0.5752409850403879,0.35368467348502586,6,Cluster_6,0.4128209988503273,0.3664155678662483
22,Louisiana,Shock_2020_2022,-1.2875851456946452,0.7547473828032443,0.195051553836049,-0.8947283201591292,1,Cluster_1,0.30133032311325936,0.5576016015547208
23,Maine,Shock_2020_2022,-1.1518678793212547,0.2799113136997471,1.103129921882232,-0.7226644355054361,1,Cluster_1,-0.05209600431616295,1.3367498587770448
24,Maryland,Shock_2020_2022,2.7022898971981246,-1.2100752266692572,-0.9349128909331115,-0.9773584195427215,0,Cluster_0,0.48204767941709714,1.0674605438059201
25,Massachusetts,Shock_2020_2022,5.230077921369672,-0.3090158370120451,1.2969303105438614,-0.5569439486496142,4,Cluster_4,0.4801633299505408,1.424066741983132
26,Michigan,Shock_2020_2022,-0.5509107380292687,-1.436173208246988,0.5339030801126508,0.39361486664902573,2,Cluster_2,0.1706100119221803,1.18442491007697
27,Minnesota,Shock_2020_2022,1.006747438101225,-0.013498425470928492,1.4800385154596518,0.0997591640022985,2,Cluster_2,0.3060005570105592,1.4520668933261627
28,Mississippi,Shock_2020_2022,-3.649370212508438,-0.46410605435866964,0.6191857170989725,-0.07982755750772619,6,Cluster_6,0.24327270362973658,1.879369390395149
29,Missouri,Shock_2020_2022,-0.7517455140754543,-0.7493401828198583,0.7465775077844529,-0.6696812457263918,2,Cluster_2,0.3338274824597623,0.9219381850672498
30,Montana,Shock_2020_2022,-1.9489353527021904,1.5874222543449117,-0.6632573785549336,-0.8793504026757932,1,Cluster_1,0.4696022479082071,1.0342011283977561
31,Nebraska,Shock_2020_2022,0.1551072774386944,0.44105157208478357,0.08160177641052345,0.9119341324582139,2,Cluster_2,0.2160589041670523,1.478052064160396
32,Nevada,Shock_2020_2022,0.09917771819159378,-0.12803350788492876,-2.596201383785004,0.21769115503728773,5,Cluster_5,0.48549269218110014,1.2607863682138207
33,New Hampshire,Shock_2020_2022,1.4812628865464268,-0.7672953186666808,0.3752975938740668,0.6980947319747411,0,Cluster_0,0.14877972283930513,1.466490746800866
34,New Jersey,Shock_2020_2022,3.2478980148863714,-0.9900118697557299,-0.21315542355674144,-0.5211982522490531,0,Cluster_0,0.35982159056034235,1.115876444559419
35,New Mexico,Shock_2020_2022,-1.1571691868862253,1.3358622148897323,-0.4703109794609255,-2.1417379790236812,1,Cluster_1,0.33322976931818904,1.698857766247214
36,New York,Shock_2020_2022,5.404923309637823,0.650418168440405,1.6393686885547787,-0.6478531051841938,4,Cluster_4,0.5268557518569053,1.5314037536530691
37,North Carolina,Shock_2020_2022,-0.1277897081406567,-1.3283646533223998,-0.4443403289461358,0.13436669690232994,5,Cluster_5,0.06359312884928363,1.3370242321394146
38,North Dakota,Shock_2020_2022,0.13913570911790388,3.191705694756974,0.3495978887333759,0.5806483459800797,3,Cluster_3,0.5275884021977402,1.026905467008432
39,Ohio,Shock_2020_2022,-0.261102679232607,-1.0985632021743117,1.1234401253175363,0.1344611922583731,2,Cluster_2,0.3750253616941111,0.8060338451931652
40,Oklahoma,Shock_2020_2022,-1.7520190746120037,0.39074234376110323,-0.8953065583122846,-0.09432531644732225,1,Cluster_1,0.21150423940753774,1.3714654395359105
41,Oregon,Shock_2020_2022,0.05055926769013619,0.6542599406067316,-0.15798952553597845,0.28298042529761647,2,Cluster_2,0.1257287553724482,1.4510619313896356
42,Pennsylvania,Shock_2020_2022,0.6260706768353522,-0.21205772175253548,1.5069370851998063,-0.8488161444850276,2,Cluster_2,0.394565537039007,1.3820530352778784
44,Rhode Island,Shock_2020_2022,0.45059127635178303,-0.9486096881285316,0.95783782167975,-1.0826531848436167,2,Cluster_2,0.3571626049039085,1.3293291441931825
45,South Carolina,Shock_2020_2022,-1.6452190733048184,-1.6175420120889805,-0.44772939966489117,0.3100989746890337,6,Cluster_6,0.29125373066167787,1.3271999365087666
46,South Dakota,Shock_2020_2022,-1.0512723104235342,1.5104676576966005,1.318000260701226,0.5551938513492198,1,Cluster_1,0.07917277289962578,1.9152096320431158
47,Tennessee,Shock_2020_2022,-0.43134384751479526,-1.5432959532961859,-0.13351125716139178,0.4277671035336754,2,Cluster_2,0.09837574516923717,1.5115964376995643
48,Texas,Shock_2020_2022,0.8429071580087915,0.04418896398603864,-1.2189610600078082,0.09797147840622684,5,Cluster_5,0.31275937800068354,1.0067437323360862
49,Utah,Shock_2020_2022,-0.07318159644901913,-0.9735161504200133,-1.5558335277807702,0.7891411393694246,5,Cluster_5,0.42346250470103486,1.050262517945185
50,Vermont,Shock_2020_2022,-1.2827810376477475,0.6312918051379998,1.287958840649342,-0.5053617122021095,1,Cluster_1,0.07706394546553373,1.2961953626531926
51,Virginia,Shock_2020_2022,2.31912012597276,-1.953222080990338,-1.628629477113657,-0.5128484756745152,0,Cluster_0,0.31318540689009955,1.6154599305336859
53,Washington,Shock_2020_2022,3.721083421978609,1.348426091863951,-0.24708002074979268,1.3054111672822504,4,Cluster_4,0.2574992119333601,2.034707878142528
54,West Virginia,Shock_2020_2022,-2.3003238419708882,1.6683953506372249,1.6133024055672645,-2.114355248998217,1,Cluster_1,0.3343307045009896,2.1968596165417744
55,Wisconsin,Shock_2020_2022,-1.125009563325599,-0.6113187585927442,1.1992483246451988,1.623205929656332,6,Cluster_6,0.19206562091487409,1.4674604535197562
56,Wyoming,Shock_2020_2022,-0.5165139252172433,3.6829904434248313,-1.4278780760026297,0.8390215945117667,3,Cluster_3,0.5398951033852651,1.3748471617725655
01,Alabama,Post_Shock_2023_2024,-1.9339773822094573,-1.2185897650968391,0.11410359936014357,0.628934269977561,6,Cluster_6,0.4216793692406806,0.5512958000506614
02,Alaska,Post_Shock_2023_2024,1.5166544762238607,3.136054145170195,-0.24688684317291273,0.40786040768147774,3,Cluster_3,0.5978407413642415,1.1840360854525536
04,Arizona,Post_Shock_2023_2024,0.36363524597684144,-0.22222768794465858,-0.6900646318059791,-0.6682108907928591,5,Cluster_5,0.25391172484766544,1.0194915986861208
05,Arkansas,Post_Shock_2023_2024,-2.1818662053207505,-0.573502859242398,0.8102188737094443,-0.14819156057775607,6,Cluster_6,0.31047894816753463,0.9512949322965001
06,California,Post_Shock_2023_2024,4.049330028678873,1.1227298301926179,0.19819469658537775,0.44331617613203267,4,Cluster_4,0.40870172702397733,1.1307549352340713
08,Colorado,Post_Shock_2023_2024,2.658096722882149,-0.11443484941490777,-1.4615783243970704,0.08691698514607077,0,Cluster_0,0.3480913023151633,1.316494315438903
09,Connecticut,Post_Shock_2023_2024,3.5741919661659716,0.23310555219674572,1.9752592803914168,0.3181591033979056,4,Cluster_4,0.43635020622026766,1.2236754129923453
10,Delaware,Post_Shock_2023_2024,2.3316657633698092,0.06841891162110111,0.800311421278085,-0.4736046948660301,0,Cluster_0,0.1800640147351848,1.6117556463649751
12,Florida,Post_Shock_2023_2024,0.7056952539843575,-0.802955834002138,-1.2395446416060487,-1.132296517300548,5,Cluster_5,0.2701911904835534,1.204710025096756
13,Georgia,Post_Shock_2023_2024,0.31105843939053596,-1.3342618827163855,-1.0293546373634948,0.18563784982936676,5,Cluster_5,0.3592956847761496,0.9848153279380181
15,Hawaii,Post_Shock_2023_2024,0.6529653873074339,0.23172168325374476,-1.530308340036511,-0.3903613946391886,5,Cluster_5,0.406620760277124,0.9831531638987588
16,Idaho,Post_Shock_2023_2024,-1.9471298367840355,0.6327267401323814,-0.7758359047576188,-0.1801733352443102,1,Cluster_1,0.29262313782288085,1.1586272020491877
17,Illinois,Post_Shock_2023_2024,1.9110957280581555,-1.0462395181423374,-0.11722411358591503,0.5380059043305859,0,Cluster_0,0.4178516295494921,0.9206043920869053
18,Indiana,Post_Shock_2023_2024,-1.0900381226871636,-0.9277527329378282,1.2538607033765592,1.6599023211030057,6,Cluster_6,0.1921668644220347,1.5283284602004936
19,Iowa,Post_Shock_2023_2024,-1.211167027074828,0.3486322118819291,0.7667831483176383,1.8510280455657893,6,Cluster_6,0.1498184053686417,1.8374597126098398
20,Kansas,Post_Shock_2023_2024,-0.8857056939327681,-0.13818060060591905,0.46450609032586054,0.7114713660653453,2,Cluster_2,0.0870557889312723,1.1223730280586115
21,Kentucky,Post_Shock_2023_2024,-2.0136714686376678,-0.6746856500794822,0.7460516787482874,0.349806175309203,6,Cluster_6,0.37206630504815263,0.45122620252837387
22,Louisiana,Post_Shock_2023_2024,-1.1261405055613773,0.8047838028752842,0.37146914573006345,-0.8236606730298843,1,Cluster_1,0.24239659591389956,0.6950320879826719
23,Maine,Post_Shock_2023_2024,-0.8734349398881244,0.3802378967011683,0.9898193102798319,-0.7033706689605288,2,Cluster_2,0.058140413251370135,1.2930774796627162
24,Maryland,Post_Shock_2023_2024,2.6501316899986604,-1.0588973167194424,-0.8295640724117769,-0.9539080158254036,0,Cluster_0,0.4945966677374042,0.942336663864383
25,Massachusetts,Post_Shock_2023_2024,5.0913667162748935,-0.16291384178048263,1.1959773026206866,-0.4553069608392451,4,Cluster_4,0.501341252792144,1.1862707529377896
26,Michigan,Post_Shock_2023_2024,-0.5880609948349237,-1.2203259139841292,0.54551740804505,0.49173654829908636,2,Cluster_2,0.17170031516097725,1.0660457303533286
27,Minnesota,Post_Shock_2023_2024,0.9703619392964186,0.15870971275052617,1.5746481629041709,0.11815107838403947,2,Cluster_2,0.3186900955239726,1.5345247194376044
28,Mississippi,Post_Shock_2023_2024,-3.572934205439548,-0.35144841656242176,0.665241626791105,-0.19667479609985394,6,Cluster_6,0.20746534688181562,1.8924435232961163
29,Missouri,Post_Shock_2023_2024,-0.6645850771951989,-0.5057069142251762,0.9064107399698526,-0.5608278681752259,2,Cluster_2,0.38172068394832676,0.750911259342666
30,Montana,Post_Shock_2023_2024,-1.463752107501624,1.5965279915643429,-0.7670343923033813,-0.7231487889678803,1,Cluster_1,0.39681603364107215,1.125679836779722
31,Nebraska,Post_Shock_2023_2024,0.5735439784058698,0.6430859458957505,0.24954645007403878,1.0918672926224942,2,Cluster_2,0.2101134886187001,1.7886223177717115
32,Nevada,Post_Shock_2023_2024,0.39487842005198376,-0.0971235941586711,-2.5515819088047604,0.37811817008047116,5,Cluster_5,0.44297656055445506,1.3213410562731487
33,New Hampshire,Post_Shock_2023_2024,1.5989613592845684,-0.8507928103708227,0.2402433284354405,0.6172152064933341,0,Cluster_0,0.249281114780681,1.2748581064190292
34,New Jersey,Post_Shock_2023_2024,3.0489345919759763,-0.740265063796608,0.042532667329490736,-0.5755414062192334,0,Cluster_0,0.3392081269053145,1.0557625963451631
35,New Mexico,Post_Shock_2023_2024,-0.6378745347025856,1.4738472072316526,-0.6065119868626433,-1.8101097195391074,1,Cluster_1,0.24012346789635353,1.7944234227000002
36,New York,Post_Shock_2023_2024,5.230624681621531,0.809541598804537,1.8580212670005012,-0.8077391766660078,4,Cluster_4,0.5147409523413004,1.6296024039240253
37,North Carolina,Post_Shock_2023_2024,0.15782840547713672,-1.2377083076979454,-0.4648952725701116,0.08243120784420185,5,Cluster_5,0.11130207176330072,1.239232505060491
38,North Dakota,Post_Shock_2023_2024,0.36183882579897575,3.346996474680211,0.1760701540795063,0.9316163074577097,3,Cluster_3,0.6016508283785965,0.8241629024734296
39,Ohio,Post_Shock_2023_2024,-0.259093437409148,-0.9235310648020708,1.2055676347734123,0.14151027624244583,2,Cluster_2,0.3933959627124618,0.7208147835378775
40,Oklahoma,Post_Shock_2023_2024,-1.5562555312708017,0.45372899960753765,-0.6749616795869575,-0.12814132913379567,1,Cluster_1,0.24307902373609241,1.1765771138251078
41,Oregon,Post_Shock_2023_2024,0.15426557970248897,0.8068880750566436,0.06188768008138614,0.11838184887865466,2,Cluster_2,0.19677802113298642,1.4459231574194074
42,Pennsylvania,Post_Shock_2023_2024,0.5194609556425518,-0.11482852490241,1.6074745622941107,-0.9243643850793941,2,Cluster_2,0.4105643107188205,1.4492702655233474
44,Rhode Island,Post_Shock_2023_2024,0.21158435049813074,-0.767679583522048,1.0306537461396912,-1.0887900791278136,2,Cluster_2,0.42794686819854705,1.1961801897288835
45,South Carolina,Post_Shock_2023_2024,-1.454491749437533,-1.4637344602067213,-0.30801366470761626,0.30417483331504624,6,Cluster_6,0.25019513438784907,1.2101854256122013
46,South Dakota,Post_Shock_2023_2024,-1.014804890962227,1.597417180933884,1.1412746280875539,0.6062593480691385,1,Cluster_1,0.09424593229373247,1.8883472286043124
47,Tennessee,Post_Shock_2023_2024,-0.18339108419434066,-1.3295774463338297,-0.08913245571985018,0.5413301622647121,2,Cluster_2,0.12109675673795406,1.350609876444327
48,Texas,Post_Shock_2023_2024,1.342909106053221,0.1775546228602808,-1.2049071736187138,0.3304049862587476,5,Cluster_5,0.05758865626918181,1.5343697751662624
49,Utah,Post_Shock_2023_2024,0.2030542236309053,-0.721152212895392,-1.3760597716037721,0.8640795671499603,5,Cluster_5,0.396072506199519,1.0362766447154719
50,Vermont,Post_Shock_2023_2024,-0.9956624484550494,0.6260013375887984,1.0004511699841516,-0.4611839611662376,1,Cluster_1,-0.004713461122751776,1.217756495597334
51,Virginia,Post_Shock_2023_2024,2.5373003674576817,-1.7305478322693857,-1.4335763515713633,-0.46107858127673795,0,Cluster_0,0.3949938255135332,1.3498109490107413
53,Washington,Post_Shock_2023_2024,4.462848210028917,1.201439131156143,-0.3524010142517758,1.3999109909613692,4,Cluster_4,0.3236692398654146,2.0435015526930207
54,West Virginia,Post_Shock_2023_2024,-2.100497538419079,1.8525245122440854,1.6951228198282784,-2.1431390482018604,1,Cluster_1,0.31954784328789815,2.2897650254086734
55,Wisconsin,Post_Shock_2023_2024,-1.0918468635691647,-0.49232902910637877,1.1144434551437592,1.5813774602445203,6,Cluster_6,0.17342494965428396,1.4433174048125865
56,Wyoming,Post_Shock_2023_2024,-0.10682077240993708,3.6793090550003518,-1.5258319442697639,1.038836536853399,3,Cluster_3,0.5856930710196483,1.2221627761325151
