state_fips,state,period,real_gdp_per_capita_growth,real_income_per_capita_growth,total_employment_growth,real_average_wage_growth
01,Alabama,Baseline_2015_2019,1.4131274288502194,1.0811009702431873,1.181048325290096,0.6018418345456911
01,Alabama,Post_Shock_2023_2024,2.372994963989583,1.6523176372830628,1.9448350581010798,0.6033638442594191
01,Alabama,Shock_2020_2022,1.650205370354885,1.7774549272461584,1.7800710478830768,0.8992623574998082
02,Alaska,Baseline_2015_2019,-0.46470250790960344,-0.2560723142529392,-0.3757298641016704,-0.5378976454786466
02,Alaska,Post_Shock_2023_2024,5.058886043503863,1.6063316812232498,2.198628562899696,0.9616826586136606
02,Alaska,Shock_2020_2022,-1.134441303106104,0.003743218562542635,0.01439995110719868,-0.16801234868498346
04,Arizona,Baseline_2015_2019,2.5413459479412257,2.6237058051270354,2.5899936349647934,1.0561191276450332
04,Arizona,Post_Shock_2023_2024,2.6419917599676213,2.075118797940856,2.4132687073809556,0.7557992677223235
04,Arizona,Shock_2020_2022,3.3750812148852707,2.802667991163658,2.6722206107929485,1.6892749355474208
05,Arkansas,Baseline_2015_2019,0.8642009170604481,0.8076455012934303,0.8057692413445283,0.7167418665812053
05,Arkansas,Post_Shock_2023_2024,2.284328830928506,1.378146527189561,1.7301018126685386,0.5199298799668739
05,Arkansas,Shock_2020_2022,2.4701105665278464,2.5947788241033054,1.62722847690819,1.454754825816947
06,California,Baseline_2015_2019,3.541300582276019,2.559115772216675,1.6546815340051646,1.738387474987596
06,California,Post_Shock_2023_2024,2.1952378955364726,2.1559427406776965,1.2775824381177303,0.8577934417031696
06,California,Shock_2020_2022,2.412406666824296,1.8753239454149009,1.053228202781046,1.4766887391212755
08,Colorado,Baseline_2015_2019,2.4509187559683845,2.5596165968331643,2.1697015263757224,1.4104003655766306
08,Colorado,Post_Shock_2023_2024,1.8985718942656438,0.2811930092182613,1.933772623690666,0.24949053691671885
08,Colorado,Shock_2020_2022,2.624046443691911,3.0508960212782377,1.8330886832887785,1.683511977419742
09,Connecticut,Baseline_2015_2019,0.6227726127124439,0.949281384492956,0.10816986967271403,-0.3067300057281258
09,Connecticut,Post_Shock_2023_2024,0.44171476476000393,1.9228878646852188,1.6289572090336435,0.2651461104191788
09,Connecticut,Shock_2020_2022,0.4434910108817247,0.2286235163148372,0.849711618682536,0.6036287476171983
10,Delaware,Baseline_2015_2019,-1.3766034613293259,1.3628014435425828,1.460376236421257,0.2092191140154076
10,Delaware,Post_Shock_2023_2024,1.1209845284029962,-0.3381652641963384,2.433560483792885,-0.463912284192447
10,Delaware,Shock_2020_2022,1.571417223676863,1.3630714017824783,2.2093426977960644,0.6709395772341198
12,Florida,Baseline_2015_2019,1.9850340118843846,2.5745156692904168,2.9370654657100426,0.9362616013241953
12,Florida,Post_Shock_2023_2024,2.256529050403233,2.342335339764956,2.5928863773376056,0.7235050387708497
12,Florida,Shock_2020_2022,3.1293397235693874,2.1484893681906496,3.7140344580181854,2.5030183052792885
13,Georgia,Baseline_2015_2019,2.4253214256534927,2.0241475270922296,2.3422190123683126,0.7568730288586345
13,Georgia,Post_Shock_2023_2024,0.7654464887048462,1.0886518933263423,1.722753012006184,0.31549513916312444
13,Georgia,Shock_2020_2022,1.7593606817403702,1.2145696768573133,2.7782961685414165,1.4341315765393843
15,Hawaii,Baseline_2015_2019,1.2766154992193246,1.4881629348323404,0.358463203046,0.8841162075019671
15,Hawaii,Post_Shock_2023_2024,2.578440456600739,2.7106446144292695,1.7860487626084498,1.2365144862325539
15,Hawaii,Shock_2020_2022,0.1947132849860811,0.9019278617423465,-0.39023403222415354,0.5419010905209539
16,Idaho,Baseline_2015_2019,2.4428097656982284,2.3228085869798356,2.8772473274467303,1.1502362524349052
16,Idaho,Post_Shock_2023_2024,2.0792455905559337,0.9600623957306986,2.1382628201147558,1.3907055465988916
16,Idaho,Shock_2020_2022,2.1188046521856463,2.967638866838859,3.5351561710255184,2.5126051471889883
17,Illinois,Baseline_2015_2019,1.198807624992787,1.378661401582898,0.3548619101766848,0.5327891719686784
17,Illinois,Post_Shock_2023_2024,1.1166801180439556,1.0621139370792565,1.3957985132969308,-0.4615488028928971
17,Illinois,Shock_2020_2022,1.3251811390381565,1.1257855880253296,0.6223167509420607,1.080953229149062
18,Indiana,Baseline_2015_2019,1.5806912938493483,1.511203402221395,1.1218917625612057,0.6743334437782134
18,Indiana,Post_Shock_2023_2024,1.63723981090802,0.8430954296108073,1.3769807837150982,0.31395704685319714
18,Indiana,Shock_2020_2022,1.715940986985302,2.174653445513789,1.1417715967547222,1.3914520320142991
19,Iowa,Baseline_2015_2019,-0.04297662907524202,0.3383181150678455,0.1396813787907708,0.6823165925842978
19,Iowa,Post_Shock_2023_2024,0.48943439861096616,-0.12597392364335214,0.9236287338981408,0.17713445952398654
19,Iowa,Shock_2020_2022,2.3322059271978683,2.563428236905411,0.38048987091610087,1.0433422867001145
20,Kansas,Baseline_2015_2019,1.598408058066536,0.9357608021800246,0.16971281488636636,0.3274687675938581
20,Kansas,Post_Shock_2023_2024,0.605489549370819,-0.2440535934981336,1.531994458296826,0.46586565864483176
20,Kansas,Shock_2020_2022,1.5733233209256643,1.2439920676622696,0.5574345055756935,0.5812678656659095
21,Kentucky,Baseline_2015_2019,1.2016579986444509,0.9768717631273516,0.7541305140841448,0.47338333579825254
21,Kentucky,Post_Shock_2023_2024,1.6113347976692172,1.6909362098075142,1.689025683262646,0.5733888689509525
21,Kentucky,Shock_2020_2022,1.2447856153130006,2.0474172727015385,1.1703229778103303,0.8036554313642807
22,Louisiana,Baseline_2015_2019,0.7790383784001681,0.6559226466547718,0.19316970332839134,-0.01124529831426635
22,Louisiana,Post_Shock_2023_2024,3.327031037905459,2.0011524382738455,1.5200536035743895,0.5977214234091033
22,Louisiana,Shock_2020_2022,-0.2261743934212673,1.0775494484284127,0.6602050842116179,-0.07726882399123891
23,Maine,Baseline_2015_2019,2.0530876780872678,1.9246558634541278,0.7818246838680015,0.9938845401188834
23,Maine,Post_Shock_2023_2024,2.6699887790868626,2.0622073238678595,2.0243487064427357,0.586392295961885
23,Maine,Shock_2020_2022,2.1350925900762707,2.598284917741256,1.0454825654120259,2.692074005990382
24,Maryland,Baseline_2015_2019,1.0701693563075794,0.981658601333657,0.9711621682405441,0.5083659503517246
24,Maryland,Post_Shock_2023_2024,1.9365141194784163,2.28080260903335,2.363118959572952,0.033812965058127586
24,Maryland,Shock_2020_2022,0.7851130060290701,0.18630378976735398,1.1502767103229024,0.6075107254827182
25,Massachusetts,Baseline_2015_2019,1.8865566112403143,2.189634083604558,1.280403868823965,1.1747727491432935
25,Massachusetts,Post_Shock_2023_2024,0.9310963559801766,1.1036061180620171,1.2188861141090301,-0.11421725331359212
25,Massachusetts,Shock_2020_2022,2.365929160278113,1.149216206445236,0.5343087064722049,1.6030261415321343
26,Michigan,Baseline_2015_2019,1.2902760744617325,1.1741378544322,0.951129631599712,0.5381988557083439
26,Michigan,Post_Shock_2023_2024,1.7703765554649031,1.3732251869781775,1.5158833955044693,-0.059571093600691016
26,Michigan,Shock_2020_2022,1.3665933043602936,1.5976959001843483,0.6248822996435107,0.6517792348396519
27,Minnesota,Baseline_2015_2019,0.9089598365307372,1.1172450300298147,0.8095239868580684,0.8953344003730601
27,Minnesota,Post_Shock_2023_2024,1.0994135047459386,0.7283824374202608,1.581494793571081,-0.22506786829250003
27,Minnesota,Shock_2020_2022,1.278914840390714,1.69063522336144,0.20694635786870563,0.7602665155538794
28,Mississippi,Baseline_2015_2019,0.5457453404089319,0.8387288599600806,0.6111915072743335,0.247940767238794
28,Mississippi,Post_Shock_2023_2024,3.12542614596949,1.5516396907346075,1.3393972742538063,-0.03690983854496843
28,Mississippi,Shock_2020_2022,1.6703778781889298,1.82355238329327,1.2417635859928722,0.5726479506408441
29,Missouri,Baseline_2015_2019,0.7931225146711962,1.2769818223229645,0.8289731144270507,0.6241444960499748
29,Missouri,Post_Shock_2023_2024,1.830333912731441,1.746170315300133,1.6451731951540038,0.503372149401482
29,Missouri,Shock_2020_2022,1.4587963291491033,1.9439486542805733,0.9134308077139922,0.9098123875460348
30,Montana,Baseline_2015_2019,0.3158215536744724,1.6746302031871885,0.9345589575937396,0.9067080973158004
30,Montana,Post_Shock_2023_2024,3.4765631387906337,1.963030137720212,1.8532042912317137,1.4607499942288937
30,Montana,Shock_2020_2022,2.146209302711185,3.093439138399638,2.4745483471343346,2.0677702244009257
31,Nebraska,Baseline_2015_2019,0.9587931281020201,-0.02658026952404302,0.4869230708205413,0.9925767433839772
31,Nebraska,Post_Shock_2023_2024,2.073886759859145,1.1276564016555357,1.7736192101452386,-0.2679020601036808
31,Nebraska,Shock_2020_2022,2.858120214511073,2.8001966604684125,0.7375041906000098,1.2018856383210836
32,Nevada,Baseline_2015_2019,2.0519070847494048,2.403480118874862,3.1483075211918954,0.7264242913423841
32,Nevada,Post_Shock_2023_2024,2.0499653516649285,2.1363323233657527,2.589119961209041,0.48330878540910893
32,Nevada,Shock_2020_2022,2.4219464287899712,1.9031517339078599,2.952041763179484,1.715855701039785
33,New Hampshire,Baseline_2015_2019,1.0546196793765588,2.2903823694890524,0.8462212975085315,0.9045128122217916
33,New Hampshire,Post_Shock_2023_2024,1.3139752384352388,1.5229141657859047,1.715689446036306,-0.05433559081113315
33,New Hampshire,Shock_2020_2022,2.2408102441885442,1.077623045228034,1.111364083997927,2.7746880465118493
34,New Jersey,Baseline_2015_2019,1.072333415782098,1.750087211630702,1.2424606697133356,0.09888944657941989
34,New Jersey,Post_Shock_2023_2024,0.9668320587933765,1.1168732730262199,1.6574559933074218,-0.4917494580586823
34,New Jersey,Shock_2020_2022,1.5066411405004423,0.15479106527701939,1.883812084579728,0.8356220588352908
35,New Mexico,Baseline_2015_2019,1.628481850362612,1.5123815304632555,0.5496805677027983,0.7299303124643441
35,New Mexico,Post_Shock_2023_2024,6.55981041015351,1.2120445628035714,2.2859791538132335,1.1636185805495969
35,New Mexico,Shock_2020_2022,1.2668142658590547,2.494504008437063,0.49709987349799345,0.9118654575737017
36,New York,Baseline_2015_2019,1.974112194817157,2.149484821747211,1.3106042609192958,0.9111645295250631
36,New York,Post_Shock_2023_2024,0.8951863072320432,1.1909742180325034,1.9987416374079303,-0.23549921222683623
36,New York,Shock_2020_2022,2.4055976831063197,0.7079001511046789,0.2662544552294606,1.4313613528060964
37,North Carolina,Baseline_2015_2019,0.9592212626294949,1.8801748275510954,1.9361112588065388,1.1251955407182823
37,North Carolina,Post_Shock_2023_2024,1.808996397189877,1.7449454396800679,2.050113693310107,0.4951430479961605
37,North Carolina,Shock_2020_2022,1.9463879193876341,2.3166547611506085,2.2849749148017406,1.9754737615438556
38,North Dakota,Baseline_2015_2019,-0.05856773218408651,-0.16575721747765515,-0.6743293398547623,-0.15340751120510032
38,North Dakota,Post_Shock_2023_2024,4.582354446362736,-2.768412390176583,1.991003575925454,0.9862242943084909
38,North Dakota,Shock_2020_2022,-1.4674577402496187,3.139072257263816,0.03985444677728397,-0.9838279982184747
39,Ohio,Baseline_2015_2019,1.3300827173733543,1.120220176630804,0.7546698507563065,0.6425929716120299
39,Ohio,Post_Shock_2023_2024,1.5503249668772812,1.6640306429860807,1.501061050225172,0.43411739366842617
39,Ohio,Shock_2020_2022,1.129154315424789,1.164079438630494,0.713980684506695,0.7739905033149955
40,Oklahoma,Baseline_2015_2019,0.5393857651364214,0.28947646244544556,0.2353371485984218,0.21611395951116052
40,Oklahoma,Post_Shock_2023_2024,3.180391455141296,1.2636529629043936,1.965185492639443,0.7535152065959894
40,Oklahoma,Shock_2020_2022,-1.6350206803975365,1.6840287382481887,1.0405958567560918,-0.6092385484125088
41,Oregon,Baseline_2015_2019,2.6872073520155473,2.3082146305074214,1.912711647088311,1.37983425508032
41,Oregon,Post_Shock_2023_2024,1.544790847567279,1.93778444451993,1.6835354875052722,-0.08971350706187264
41,Oregon,Shock_2020_2022,1.7765253371855527,2.326783985920692,0.5424259408750132,1.9332731771905458
42,Pennsylvania,Baseline_2015_2019,1.0796593616437034,1.3714430686033618,0.860966998350543,0.5896524198365005
42,Pennsylvania,Post_Shock_2023_2024,1.446768368798701,0.7846862853645109,1.526877710567165,-0.21918953593978996
42,Pennsylvania,Shock_2020_2022,0.29063293008862257,0.5426650107122771,0.6307283737807868,0.9238301120085576
44,Rhode Island,Baseline_2015_2019,0.36086195500959206,1.564116151181938,0.9450490152048074,0.1981507159303758
44,Rhode Island,Post_Shock_2023_2024,1.009703783710303,1.125901555322728,1.6919230541623587,-0.7892732660109592
44,Rhode Island,Shock_2020_2022,0.6863972407552321,0.8661939663913006,0.847476094012182,0.8647201695916262
45,South Carolina,Baseline_2015_2019,1.7305171081590576,1.9583836904038698,2.255916700778371,0.5675285364654808
45,South Carolina,Post_Shock_2023_2024,2.165212616705925,1.8458984980249116,2.422668202982803,0.8118013815556491
45,South Carolina,Shock_2020_2022,1.0604217697122793,1.183948679533379,2.0164416962004292,1.5261091801576938
46,South Dakota,Baseline_2015_2019,-0.07981794133862796,1.1027562752620068,0.7321808400903934,1.1326874379984309
46,South Dakota,Post_Shock_2023_2024,1.2180122112644354,0.47186633994376614,1.6831222935362877,0.4768275603616423
46,South Dakota,Shock_2020_2022,0.74769756601204,4.0212220686938345,1.677747184353662,1.4388416714525067
47,Tennessee,Baseline_2015_2019,1.5529059553899272,1.9723164223224177,1.9422945335576258,0.6874810127052766
47,Tennessee,Post_Shock_2023_2024,1.5927416501205438,2.300165849357061,1.9757130379595367,0.6554671508505194
47,Tennessee,Shock_2020_2022,3.00855604836053,1.9511098963930145,2.5300300615141507,1.7333393378533752
48,Texas,Baseline_2015_2019,1.2359560460346004,1.4087703730702061,2.190882984137199,0.5609466768644711
48,Texas,Post_Shock_2023_2024,4.031074629442788,1.0369597943050035,2.4948626833598775,0.5746322374642676
48,Texas,Shock_2020_2022,1.6132454432451002,1.5418598500886487,2.902684447871344,0.637265905819114
49,Utah,Baseline_2015_2019,3.579560391302733,2.86802868299052,3.038258395736565,1.4007300051246063
49,Utah,Post_Shock_2023_2024,2.0802761860252095,1.7281157510844691,1.9976701086406368,0.6654629474910689
49,Utah,Shock_2020_2022,2.5278356968049476,3.388991665395398,3.6268850042062035,1.779438671613387
50,Vermont,Baseline_2015_2019,0.7629486941917563,1.13266762001914,0.05291866428413783,0.9661963885577884
50,Vermont,Post_Shock_2023_2024,2.189261021497768,2.2322275150996274,1.565647276193305,0.465988954485258
50,Vermont,Shock_2020_2022,1.29575002229854,0.9710991600192879,-0.09014833876433226,2.0877905437086155
51,Virginia,Baseline_2015_2019,1.4266809151842919,1.1862469599064451,1.3043448001567148,0.6773222090510345
51,Virginia,Post_Shock_2023_2024,2.11744986539113,1.7909733447898701,2.0863006253818983,0.869953652853217
51,Virginia,Shock_2020_2022,2.015084154580867,1.4435820298115336,1.3323249247518414,1.0042502052032758
53,Washington,Baseline_2015_2019,3.8119672598936507,2.924138375665286,2.2624262705198905,2.8613382571746557
53,Washington,Post_Shock_2023_2024,3.5687545572765433,2.374821997641696,1.554145910802729,2.676916680606789
53,Washington,Shock_2020_2022,2.373478672540308,1.6886451544073386,1.2280379066948381,1.9651812596324907
54,West Virginia,Baseline_2015_2019,1.614074177132041,1.6204740466907341,-0.6249008010184048,0.927168376745946
54,West Virginia,Post_Shock_2023_2024,3.471396860678988,1.5353027053196966,1.6181265608657958,1.1437053874904568
54,West Virginia,Shock_2020_2022,0.6905105079443122,1.0268184730387706,0.1923734349581633,-0.16367497063758027
55,Wisconsin,Baseline_2015_2019,0.9928644723971092,1.4011643195295242,0.6372554455495366,0.8000090061488274
55,Wisconsin,Post_Shock_2023_2024,1.353233666697351,1.139030762546378,1.3296323158589307,-0.08942987828579607
55,Wisconsin,Shock_2020_2022,0.7619079176948781,1.1567943199055224,0.4870975252613448,0.9477796029287037
56,Wyoming,Baseline_2015_2019,-0.5450786177457589,0.6157201351572466,0.12023778833753218,-0.12258671463965531
56,Wyoming,Post_Shock_2023_2024,2.337912148797172,1.9129640804683157,1.900965903526397,1.2886720274334684
56,Wyoming,Shock_2020_2022,-1.0789338914417874,3.205237792080743,1.8857895523967623,-0.22520193089550591
