state_fips,state,year,real_gdp_per_capita,real_personal_income_per_capita_2017,real_output_per_job,real_average_wages_salaries_2017,manufacturing_share,professional_business_share,healthcare_share,natural_resources_agriculture_share,manufacturing_share_imputed,natural_resources_share_imputed,period
01,Alabama,2015,42563.20356752262,39494.58342650527,80749.33887660614,45138.14418375053,13.639768507252663,12.25499116561042,13.648973200588253,0.9897690362580277,False,False,Baseline_2015_2019
01,Alabama,2016,43163.21405375439,39528.53241780448,81252.75549945205,45144.68061348211,13.599706783145878,12.366431264769181,13.78155762055776,0.9068524820576973,False,False,Baseline_2015_2019
01,Alabama,2017,43733.35384575627,39968.0,81765.70328949405,45355.0,13.604110657733118,12.516605836683759,13.875173673946817,0.9293589127326818,False,False,Baseline_2015_2019
01,Alabama,2018,44365.05844381293,40338.73559876865,82011.15426099306,45625.60502096716,13.60086662843306,12.651041865800039,13.916472312496017,0.9378448989995539,False,False,Baseline_2015_2019
01,Alabama,2019,45020.54247810355,41225.82115881826,83064.76294001432,46232.594452723766,13.517997743213934,12.771046791870544,14.014440415067691,0.9518711470655499,False,False,Baseline_2015_2019
01,Alabama,2020,44312.97116886637,43446.33636128295,83499.50205542534,48713.16165077992,13.531083285973564,12.855492903891532,14.169903281311791,0.9455017822114088,False,False,Shock_2020_2022
01,Alabama,2021,46326.41842925368,45799.99852382182,84485.8126254687,48587.98184300845,13.459265241154922,13.028517867747071,13.886959473109203,0.8584924910530234,False,False,Shock_2020_2022
01,Alabama,2022,47243.02463644909,43294.16138456545,83946.12951582154,47416.69692983206,13.518421086401375,13.086705407723796,13.748419378688734,0.8524743571646443,False,False,Shock_2020_2022
01,Alabama,2023,48519.14378107995,43931.45827726763,84707.85249297864,47590.93829380838,13.53516862295469,13.051207133686773,13.988876497325109,0.83915241703741,False,False,Post_Shock_2023_2024
01,Alabama,2024,49511.26803801238,44736.55474052326,86092.50646882487,47990.34967754687,13.543644457784064,12.689951056051411,14.272769668999095,0.832132609321291,False,False,Post_Shock_2023_2024
02,Alaska,2015,72628.39593029549,58652.90540340988,116266.59331567422,59713.981697515366,4.2332843907248225,9.22814390935869,13.910956611925315,5.498958336473901,False,False,Baseline_2015_2019
02,Alaska,2016,71918.36932352431,56719.113692517305,116952.50053593851,58060.08524751361,4.160652170581836,8.922294242939671,14.596300893363367,4.6954443065324325,False,False,Baseline_2015_2019
02,Alaska,2017,72177.15250755793,56500.0,117552.18966084952,57130.0,4.102925472471254,8.861785084560559,15.131807683711228,4.339781955447389,False,False,Baseline_2015_2019
02,Alaska,2018,71138.52326795082,57590.368408686336,115396.59084912132,57726.05431150864,3.9330007038788084,8.723736911280126,15.387226779785598,4.317642442023433,False,False,Baseline_2015_2019
02,Alaska,2019,71279.36093192891,58010.30474424717,115167.52639656636,58405.324008339296,4.036206923183862,8.7702930227529,15.382381562890993,4.528336860316038,False,False,Baseline_2015_2019
02,Alaska,2020,69451.33482329248,58636.879576215855,118130.88753716154,61565.31399360924,4.0168253806795775,9.005174344129188,16.32860279259924,3.7218966543275873,True,False,Shock_2020_2022
02,Alaska,2021,70466.51873834383,59511.955419419115,116844.53834624484,60000.44049156732,3.9974438381752937,8.885284045289945,15.794786085303707,3.913221583181766,False,False,Shock_2020_2022
02,Alaska,2022,68845.47180638417,57987.70894056142,111247.39827102031,57976.820488288264,3.8581470828993596,8.952124321965607,15.58579304941091,3.941597469733309,False,False,Shock_2020_2022
02,Alaska,2023,73754.17543496666,58388.375265013034,115999.43481537302,58326.4319892879,3.95817843866171,8.991635687732343,15.646220570012392,4.044609665427509,False,False,Post_Shock_2023_2024
02,Alaska,2024,75957.75908067076,59860.76247493536,117982.10836208424,59096.54262661425,3.6355737565468886,9.03561750373674,15.83617892600649,4.229806418684911,False,False,Post_Shock_2023_2024
04,Arizona,2015,46018.62292257808,41251.66785504837,86982.3857897925,50519.021336022306,6.035474390463527,15.23321978565161,13.448311537032,1.4478287358656128,False,False,Baseline_2015_2019
04,Arizona,2016,46959.42076858918,42050.130871182926,87524.46985300392,50556.56810009708,5.933512806592377,15.373955482423002,13.606572974909191,1.3748920268724825,False,False,Baseline_2015_2019
04,Arizona,2017,48469.23482112456,43255.0,89046.1183287723,51233.0,5.919811852944238,15.268095724400377,13.870713682078934,1.3544724596180429,False,False,Baseline_2015_2019
04,Arizona,2018,49739.1410479158,44217.00964130829,89862.9246426673,51778.32621153532,6.015332110208609,15.307057972219617,14.048324631691433,1.3676822612120259,False,False,Baseline_2015_2019
04,Arizona,2019,50876.09185172818,45751.28457268919,91504.9596815136,52683.29738673301,6.1172101734514195,15.392773579444079,14.21724778312625,1.3053376173067759,False,False,Baseline_2015_2019
04,Arizona,2020,51009.60155688738,49324.988505125366,93520.04279715205,56392.25164309091,6.284776326599994,15.348046576196277,14.634990225798227,1.2609428563333995,False,False,Shock_2020_2022
04,Arizona,2021,54503.20331722945,51720.618518655196,97033.65801281667,57022.49075543418,6.209120487879665,15.36500689913633,14.3402551828697,1.1722739894042893,False,False,Shock_2020_2022
04,Arizona,2022,56145.88202410698,49517.33064529908,97353.08475836343,55260.570432762135,6.249863840045626,15.277390749317087,14.055836799247714,1.1228359509102313,False,False,Shock_2020_2022
04,Arizona,2023,57385.91127596308,50848.99370532521,97098.09645099378,55128.7109372436,6.154678088203178,14.983655601737123,14.588185321425083,1.12920623713489,False,False,Post_Shock_2023_2024
04,Arizona,2024,59150.75702475139,51591.872459665465,100273.15723186912,56093.58058459174,6.0299771912675135,14.544709770516222,15.074772300578752,1.1502738599512794,False,False,Post_Shock_2023_2024
05,Arkansas,2015,40917.14053888446,40609.43746651084,75448.58172869489,42872.23954399895,13.148663196036281,11.959496860471829,16.2901440209732,1.5848759300576287,False,False,Baseline_2015_2019
05,Arkansas,2016,41280.29928115485,41036.99775423217,75493.85359819455,43032.62488177428,12.986978115615269,12.130348064170477,16.482639585219545,1.420416643241987,False,False,Baseline_2015_2019
05,Arkansas,2017,41422.58239035517,41403.0,75542.63880241697,43569.0,13.102831887597436,12.198323757103042,16.711868472739813,1.3723801416360277,False,False,Baseline_2015_2019
05,Arkansas,2018,42163.155884084954,42005.03657803247,76209.31461115948,43546.38938779086,13.261289440893263,12.300199583657095,16.731666915767768,1.3487792532086562,False,False,Baseline_2015_2019
05,Arkansas,2019,42347.295758013934,41934.36299416797,76486.27281226234,44111.76286978256,13.316903455035932,12.16306298466636,16.71570454459628,1.3455315054683255,False,False,Baseline_2015_2019
05,Arkansas,2020,42594.09587118361,44637.78865658724,78335.807341,46633.32918616288,13.18898174066431,12.044112539076067,16.783639471766477,1.358808545995682,False,False,Shock_2020_2022
05,Arkansas,2021,45467.137652302,48259.6113222866,81702.7389616403,47409.28545595453,13.064362787790948,12.298056019094094,16.30751663752468,1.2954332404778843,False,False,Shock_2020_2022
05,Arkansas,2022,45504.58763764472,44989.40964617041,79487.05308881305,45979.42122977568,13.009258814449003,12.55616619107554,15.981383089452766,1.2393392325848778,False,False,Shock_2020_2022
05,Arkansas,2023,46245.81739338914,45484.0624610275,79355.1333382895,45649.78083504539,12.736552285153348,12.524423725234069,16.246685491251263,1.2264660101527607,False,False,Post_Shock_2023_2024
05,Arkansas,2024,47605.32673574326,46237.64505609059,81640.26193142855,46451.75163936255,12.504081193167215,12.603496357221532,16.50801148831756,1.1804778874586381,False,False,Post_Shock_2023_2024
06,California,2015,65336.91291481735,55655.8302569014,112221.08966850214,64244.75678959737,7.8814478174068885,15.337236649507426,13.919359340331058,2.7462497554495173,False,False,Baseline_2015_2019
06,California,2016,66890.82740068788,57052.05864828943,113198.55530001108,64812.944289124905,7.744424533875259,15.163469866909685,14.149727546732699,2.6670040942906446,False,False,Baseline_2015_2019
06,California,2017,69514.21476822108,58214.0,116377.12699129479,66460.0,7.659076522021361,15.094917643093869,14.413254709160007,2.5938174475675306,False,False,Baseline_2015_2019
06,California,2018,72110.888022841,59529.99350874329,118408.23697975527,67282.63696352551,7.605905903224013,15.472824588589845,14.593691869400844,2.5555698638874316,False,False,Baseline_2015_2019
06,California,2019,75088.73711549726,61572.18961342736,122587.20637788391,68823.47770645826,7.500534980341138,15.551573664595203,14.810184210760646,2.5158453718798226,False,False,Baseline_2015_2019
06,California,2020,74141.59166124264,66382.2665960875,126557.271906856,75458.3296691408,7.716329511329762,15.98803008341831,15.653900135541091,2.598995399882245,False,False,Shock_2020_2022
06,California,2021,80482.16931520854,69756.5729047496,131668.06958561557,77888.04015204635,7.526190185845311,16.09350174699423,15.544867206641348,2.521615776733489,False,False,Shock_2020_2022
06,California,2022,80439.19457123282,64685.78223505493,126182.23853504684,71321.87510891665,7.461083532144119,16.086367058490502,15.269880440956394,2.4411151337174175,False,False,Shock_2020_2022
06,California,2023,81773.35589116206,65346.938057511936,126838.28569512547,71056.98183799254,7.385590749220139,15.535775277895613,15.805181978252051,2.3696247042072627,False,False,Post_Shock_2023_2024
06,California,2024,84007.30561796189,67496.7096710436,129261.88307633038,72539.93554125263,6.861195875689959,15.434392435949215,16.72505963584081,2.3516726192518838,False,False,Post_Shock_2023_2024
08,Colorado,2015,60742.26144051257,53158.267634811,92474.17572287132,56776.8894214339,5.660406101545431,16.031229329110626,12.550421936699474,1.8510693740103028,False,False,Baseline_2015_2019
08,Colorado,2016,61080.68901023965,52405.12751711409,92094.90035887767,56657.83547979851,5.593176580007937,15.949442566766816,12.817027051486326,1.5689697524351587,False,False,Baseline_2015_2019
08,Colorado,2017,62541.4156458412,54176.0,93123.18318784655,57726.0,5.534472386455511,15.879292044892845,12.9020181855106,1.6627518900132963,False,False,Baseline_2015_2019
08,Colorado,2018,64331.47352137198,56419.955477147196,94662.0784291058,58401.55535289737,5.521366626402845,15.911452003156285,12.912121404771076,1.7336005953560731,False,False,Baseline_2015_2019
08,Colorado,2019,66900.13611011687,58752.40404135228,98534.66111293856,60034.29908040851,5.499167612354058,16.08834456280004,12.91646336672021,1.7686455746398622,False,False,Baseline_2015_2019
08,Colorado,2020,65759.86720289178,61284.02517667333,99588.03323160215,63805.206424765565,5.642277753633129,16.56093616167718,13.40312353619065,1.5998103268135098,False,False,Shock_2020_2022
08,Colorado,2021,69880.20022124503,65062.593202199496,101895.36638617444,64471.88810569435,5.5192228130691205,16.824456987337637,13.254905475813652,1.472837236762521,False,False,Shock_2020_2022
08,Colorado,2022,72193.82730075315,64202.50246877724,102863.74651147789,63004.77271873025,5.447614987699713,17.251378786667733,12.897556816667999,1.4145063455270472,False,False,Shock_2020_2022
08,Colorado,2023,74459.96779562399,64373.54372468839,103579.76785531097,62649.589960026526,5.25647367687085,17.270180395008246,13.10786443420241,1.3817726180622574,False,False,Post_Shock_2023_2024
08,Colorado,2024,74950.04593803258,64564.07460892795,105173.9603363216,63315.38001013742,5.151073138799427,17.01507401391559,13.464745690070158,1.355636372671116,False,False,Post_Shock_2023_2024
09,Connecticut,2015,74440.17552024688,68485.95940375584,117505.62901635561,66787.82365821861,9.575631831371311,13.138604483334085,17.02211597732774,0.32739464465593193,False,False,Baseline_2015_2019
09,Connecticut,2016,74341.71172414787,68990.07578945614,116539.60251697822,66341.83569645886,9.403775695236998,13.19819219779257,17.080514642789854,0.3176614739156367,False,False,Baseline_2015_2019
09,Connecticut,2017,75917.20142478967,69147.0,119061.99829324606,65784.0,9.535006851874922,13.190577953253921,17.16502477216318,0.3177377313106726,False,False,Baseline_2015_2019
09,Connecticut,2018,76035.83156869863,70438.55440111188,118637.69812894125,65247.34842119097,9.607539166928028,13.306450408471107,17.17215526382604,0.3149483997192228,False,False,Baseline_2015_2019
09,Connecticut,2019,76300.3193949322,71118.80809052754,119771.2719083521,65963.4231802767,9.710277823001562,13.20006416456775,17.32772531818922,0.31471762801788944,False,False,Baseline_2015_2019
09,Connecticut,2020,73118.2131849461,72767.61745057204,118033.57865685373,69872.33154695899,9.975875827812427,13.479445920568834,18.224880252734355,0.3403786097280983,False,False,Shock_2020_2022
09,Connecticut,2021,75054.72224493558,74291.3426578588,118277.14822481498,69112.49629110233,9.62998391671637,13.527179115237136,17.961237966605346,0.33712674243428886,False,False,Shock_2020_2022
09,Connecticut,2022,77195.6668500655,71522.89268934411,118687.15622602132,67020.09888776888,9.550475606014114,13.597084021293902,17.6288982402821,0.33022107278013996,False,False,Shock_2020_2022
09,Connecticut,2023,77780.77420882092,72623.26180989952,117033.86202633327,66357.3374641453,9.465822159677987,13.368350646206071,18.040009397617514,0.33760701177339275,False,False,Post_Shock_2023_2024
09,Connecticut,2024,77878.37033525298,74298.89144981175,117731.12583435365,67365.43264188415,9.278070641293874,13.253767127763343,18.437629575769673,0.3467432745348935,False,False,Post_Shock_2023_2024
10,Delaware,2015,80671.01647479243,48852.945400540884,133978.39783978398,55157.351919904475,6.232420668222101,13.81032304471721,16.380709536412848,0.3086759746027877,False,True,Baseline_2015_2019
10,Delaware,2016,75477.83865221067,49212.53263446483,124335.94593893935,54303.73080785144,5.872379848392883,13.982584805516638,16.574327192073714,0.3086759746027877,False,True,Baseline_2015_2019
10,Delaware,2017,72332.89378995927,49997.0,118960.890587026,55301.0,5.86774933069004,14.02665471753196,16.751419525519776,0.3086759746027877,False,True,Baseline_2015_2019
10,Delaware,2018,72961.18424304332,51414.21943633591,118683.2623978051,55006.47930961702,6.056478219538109,14.187105071855953,16.883296985964325,0.3086759746027877,False,True,Baseline_2015_2019
10,Delaware,2019,76046.8339209652,51561.5193794811,123808.29140184715,55600.87899020954,6.029029807233599,14.10520875664788,16.97947771083273,0.3086759746027877,False,True,Baseline_2015_2019
10,Delaware,2020,73323.45320549658,52583.01385953457,122816.18978141634,58532.69853290626,5.981329439531619,14.459020158861485,17.48601348611661,0.3086759746027877,False,False,Shock_2020_2022
10,Delaware,2021,74821.66485927193,54157.61626748348,121313.8686131387,58202.09174447355,5.651756522999176,14.320711484644574,16.80538322903176,0.27260295063260187,False,False,Shock_2020_2022
10,Delaware,2022,79499.6270627936,53677.55698689584,126173.54660975424,56633.35299243137,5.712524558170737,14.374425523943945,16.30597193725306,0.27204572284879136,False,False,Shock_2020_2022
10,Delaware,2023,79287.76051476113,52014.65353033456,122602.78268973427,55364.41716824964,5.7137135089760145,13.930612192721183,16.768933147549227,0.27204572284879136,False,True,Post_Shock_2023_2024
10,Delaware,2024,81276.66949490679,53274.25010121489,126569.31687076807,56091.23635192818,5.588725761308596,13.693917911073122,17.4828632242278,0.27204572284879136,False,True,Post_Shock_2023_2024
12,Florida,2015,46966.79243225761,46493.96389288532,83215.91911579705,49348.321175274345,4.258651045725334,15.23520657343275,13.909536937933128,0.9987766857575002,False,False,Baseline_2015_2019
12,Florida,2016,47677.745503646656,46704.21112717546,83801.30305121272,49614.926231318255,4.270646407884322,15.486817201487817,13.947009820622574,0.9531671005352885,False,False,Baseline_2015_2019
12,Florida,2017,48631.90570785834,48447.0,83884.47287357622,50050.0,4.2749042541381765,15.59747854613442,13.97772449701417,0.9048312091072199,False,False,Baseline_2015_2019
12,Florida,2018,49710.13215020968,49798.67865093367,83658.46844304049,50440.01417722326,4.2708283768093755,15.73212772281256,13.930516027875605,0.8334430951972116,False,False,Baseline_2015_2019
12,Florida,2019,50807.738562434315,51454.13550186383,85018.70364006884,51221.1508388192,4.321849927724535,15.700232303542094,13.991037437137456,0.8029769252051933,False,False,Baseline_2015_2019
12,Florida,2020,49671.87516282582,53604.93518436234,84318.51545292046,54495.209554462526,4.451608832762761,16.123495893740937,14.452133219901569,0.8417774853730908,False,False,Shock_2020_2022
12,Florida,2021,53701.12734077286,56631.702697715606,87141.58896672755,56151.35904343654,4.379964335622582,16.51941952326125,14.046175424988835,0.8270144509691562,False,False,Shock_2020_2022
12,Florida,2022,55587.0532460777,54716.98539235619,87619.404198437,55072.11645111138,4.36343290631517,16.972219527030116,13.759987467712905,0.7680513875062672,False,False,Shock_2020_2022
12,Florida,2023,57105.762910323094,56298.393052884465,87528.49255237987,54992.75751389883,4.348493061024126,16.78364111761193,14.081674374573813,0.702745436384896,False,False,Post_Shock_2023_2024
12,Florida,2024,58122.7764071941,57308.67451520455,90410.57305032024,55867.752838001965,4.348522252498376,16.51063372090718,14.364705869196648,0.6790632960473405,False,False,Post_Shock_2023_2024
13,Georgia,2015,52993.834719138074,42946.70103832214,92596.4627027798,52248.18270419421,9.044013614996443,15.368328342179773,12.234706195671368,0.7244982005588518,False,False,Baseline_2015_2019
13,Georgia,2016,54437.26283202547,43652.556133779435,94030.88237165044,52708.454670072126,9.052561649398056,15.307099307355468,12.28115733354727,0.7085256010116968,False,False,Baseline_2015_2019
13,Georgia,2017,55954.69070714769,44836.0,95224.35134346124,53121.0,9.108990710356238,15.437139202931679,12.272558796793616,0.6740898843263691,False,False,Baseline_2015_2019
13,Georgia,2018,57053.42936440415,45512.37074235286,95576.70347008172,53289.418136491615,9.18301379461037,15.563788560892938,12.324384623858048,0.6635236480324758,False,False,Baseline_2015_2019
13,Georgia,2019,58323.6768449953,46528.85890079286,97010.0499017858,53847.26191733455,8.953811055459882,15.941248314878614,12.427088863618838,0.6627479377482258,False,False,Baseline_2015_2019
13,Georgia,2020,56202.85681142352,48772.8289755845,95344.76981098673,56552.3116096302,8.89084378284518,16.12752688037233,12.650903534805819,0.6804749045712246,False,False,Shock_2020_2022
13,Georgia,2021,59644.78212714529,50890.19389600324,96968.40245685026,57326.43702254861,8.758271848921078,16.428304236893865,12.419493742958286,0.6492119313948816,False,False,Shock_2020_2022
13,Georgia,2022,61309.02932042402,48080.892518494475,96565.54029215481,56128.29632160736,8.753846961439743,16.403288436088637,12.193090526778422,0.6152162958784886,False,False,Shock_2020_2022
13,Georgia,2023,61412.466334630946,48275.532159290065,95772.32746955345,55630.692808055086,8.826934276206323,15.905719633943427,12.681759567387687,0.6020798668885191,False,False,Post_Shock_2023_2024
13,Georgia,2024,62249.01394190468,49131.209573813554,97132.88114736005,56474.90909786444,8.777887951894703,15.497076203809913,13.282309073980034,0.5938707129019513,False,False,Post_Shock_2023_2024
15,Hawaii,2015,57974.68564459796,48761.936907479205,93058.68435712653,50035.02162292156,2.9545946251022963,13.6941996130776,12.034258623446744,1.0482022531801949,False,False,Baseline_2015_2019
15,Hawaii,2016,58806.602892884206,49595.5214639573,93636.93695958449,50808.83007578946,2.9522272583372584,13.505007374004895,12.045494907689813,0.9661104633654803,False,False,Baseline_2015_2019
15,Hawaii,2017,59963.47454087717,50506.0,94922.45979145293,51070.0,2.9818782148780545,13.155147244281052,12.082056299059134,0.9197704013390707,False,False,Baseline_2015_2019
15,Hawaii,2018,60848.30800738374,50324.827583460436,96106.67797548986,50982.75778851247,3.014699069327294,13.187846420016374,12.090087052150785,0.8931541556731238,False,False,Baseline_2015_2019
15,Hawaii,2019,60987.42366722652,51716.84248817752,97221.17973760024,51822.30879655163,3.047439856155498,11.898732256522695,12.216768202474793,0.8987246697873438,False,False,Baseline_2015_2019
15,Hawaii,2020,54920.51022306754,54013.135454057214,97492.49510071367,55600.47571393797,3.2532008940366612,12.520262212669328,13.888452502517156,1.0580981012432251,False,False,Shock_2020_2022
15,Hawaii,2021,58422.47162744858,55424.05904712698,98214.33758302941,54848.73218437465,1.098308750760943,12.245827991144152,13.409263271018185,0.03927996925619722,False,False,Shock_2020_2022
15,Hawaii,2022,60850.236331314525,53015.036544736984,97650.24303404709,52483.17752985598,3.0608805051735124,12.0999701605684,12.774018726259506,0.9747010008306652,False,False,Shock_2020_2022
15,Hawaii,2023,62470.60873201157,54358.04005224777,97611.601601122,52786.93333158299,3.025288299231728,11.8738266891732,12.750161699979492,0.9332849548028838,False,False,Post_Shock_2023_2024
15,Hawaii,2024,64028.62256019714,55927.92147636672,98984.06610573038,53786.855643647046,1.0387604895897318,11.901200529539654,12.89947968196361,0.041575427359444576,False,False,Post_Shock_2023_2024
16,Idaho,2015,40752.75720817718,40139.91637730627,71404.11968923268,40978.64237586333,9.26440149700959,12.021053201602907,14.249870636229076,4.01283408945956,False,False,Baseline_2015_2019
16,Idaho,2016,41507.74294632056,40497.74948230677,72121.5620869462,41373.00662064023,9.273620876876493,12.355960512792931,14.178558812883493,3.9176123933195623,False,False,Baseline_2015_2019
16,Idaho,2017,42040.2354503576,41197.0,72368.38319122948,42125.0,9.345519368438923,12.50799354856965,14.05223394923743,3.7902153306358053,False,False,Baseline_2015_2019
16,Idaho,2018,43888.47598350765,42222.71971709272,74566.03548920814,42656.133680064675,9.277475790868134,12.558914817795149,14.12723958418866,3.645191839237132,False,False,Baseline_2015_2019
16,Idaho,2019,44871.31562095978,43989.038438219955,76305.0346993662,42895.06518499395,9.092032841054243,12.53670161932396,14.354868937503904,3.529602539240328,False,False,Baseline_2015_2019
16,Idaho,2020,44725.21910661602,47095.5141783,76758.51649473439,46001.61322354923,9.049314083379338,12.99853099022487,14.620857800121103,3.6118392296453927,False,False,Shock_2020_2022
16,Idaho,2021,46699.19757671844,50298.58419751263,78245.36558548654,46878.28409048972,8.88105624323148,12.898773316599698,14.288533748975233,3.4002003987733165,False,False,Shock_2020_2022
16,Idaho,2022,47758.538429430286,47803.65577215493,78654.44259753558,46123.483829082026,8.85766147698755,12.900129132860659,14.096069975391663,3.257437321833199,False,False,Shock_2020_2022
16,Idaho,2023,48356.582121160296,47640.01023951271,78292.74625448008,46027.87615440661,8.79414072096857,12.872302420833625,14.410588669544401,3.2605354389771186,False,False,Post_Shock_2023_2024
16,Idaho,2024,49761.95378814837,48717.84321413884,80908.43861250089,47403.510100768595,8.694193620530598,12.67740161956147,14.754969109054821,3.2406372014574187,False,False,Post_Shock_2023_2024
17,Illinois,2015,63674.91288741668,52420.89200352717,106522.12151492239,58992.11887754886,9.954704245619908,15.818667199229335,13.318757394051861,0.46367833123676677,False,False,Baseline_2015_2019
17,Illinois,2016,63839.68820700565,52440.87314120005,105885.89757519598,58836.275941951695,9.76309074869484,15.85671971101322,13.413708078504886,0.4505368634716578,False,False,Baseline_2015_2019
17,Illinois,2017,64445.84316794675,53056.0,106457.7700422545,59216.0,9.72151379995346,15.927511930561193,13.46777994418784,0.449318052643933,False,False,Baseline_2015_2019
17,Illinois,2018,66073.63767873372,54739.988291843714,108049.54774278712,59783.79447805119,9.84782991557788,15.93404735326241,13.536551556957644,0.44283610644405885,False,False,Baseline_2015_2019
17,Illinois,2019,66774.7621686237,55358.30648094908,109174.2038310167,60256.73711261573,9.806442897277392,15.864093910760761,13.613291071156064,0.4474387102530811,False,False,Baseline_2015_2019
17,Illinois,2020,63358.42526518231,58338.54295219292,107804.34574758302,63940.64178106804,9.996305337799482,16.070254594181392,14.09287425689356,0.4476142499781875,False,False,Shock_2020_2022
17,Illinois,2021,67471.51972620774,60474.45193194818,110595.8461005854,64513.49979702549,9.771062745473367,16.332244828430962,13.945776123898142,0.4369941810793321,False,False,Shock_2020_2022
17,Illinois,2022,69225.75594724549,57047.114178811236,109221.11586760597,62083.44214177103,9.687249105904678,16.483252101090216,13.700000270323605,0.4376032298264252,False,False,Shock_2020_2022
17,Illinois,2023,70049.71508436889,57769.746965887985,108309.27488074804,61146.05772197098,9.650647302657541,15.895969281081728,14.071804856179263,0.44335297305575977,False,False,Post_Shock_2023_2024
17,Illinois,2024,70780.41126083826,58265.121441937714,109433.10271213691,61504.85098297995,9.602692675610593,15.36581406658584,14.472287505106847,0.43889513725566764,False,False,Post_Shock_2023_2024
18,Indiana,2015,51472.176861255786,43586.86305201736,89875.06450123392,46221.97260112144,17.637715411094053,11.231169639879932,14.00187831981811,0.7229797779802861,False,False,Baseline_2015_2019
18,Indiana,2016,52328.26313890104,44062.09885545005,90562.30682301376,46335.52054731737,17.495148289757495,11.184460064992999,14.216406530634654,0.7047324637916956,False,False,Baseline_2015_2019
18,Indiana,2017,53473.5481254126,44568.0,91595.43006345199,46943.0,17.603738945727834,11.177343144553815,14.337065056158071,0.6982029218299656,False,False,Baseline_2015_2019
18,Indiana,2018,54826.80539283612,45445.01586972884,93034.45446756636,47211.86107914156,17.754177016847652,11.257851310618802,14.39405035389673,0.6958336159461106,False,False,Baseline_2015_2019
18,Indiana,2019,54794.02137117562,46280.53368380291,93339.84642177756,47479.973245403016,17.58089549988677,11.28837887988272,14.540151999810252,0.6977461256813787,False,False,Baseline_2015_2019
18,Indiana,2020,53011.5208628792,49037.06998543339,93660.39729033886,49995.535583881676,17.283177424085032,11.222245367261525,14.946080433275135,0.7150903524471768,False,False,Shock_2020_2022
18,Indiana,2021,56774.30867759978,51914.20334354356,97253.40982763392,50607.05347455437,17.425227309113158,11.575575837574377,14.562929432702086,0.6787220600945043,False,False,Shock_2020_2022
18,Indiana,2022,57513.99804516296,49163.03715979567,95941.80021125256,49419.33457484069,17.3801534583042,11.907841508001333,14.292294098545682,0.6854201121018405,False,False,Shock_2020_2022
18,Indiana,2023,58181.63032290213,49373.617501690176,95481.06903063116,48707.52617311341,16.88037496884707,11.538981616684227,14.786518120633643,0.6966855816802093,False,False,Post_Shock_2023_2024
18,Indiana,2024,59411.39368462097,49994.668604892104,97754.6047496008,49714.92350704041,16.453659049007687,11.271937908038328,15.229300320612214,0.6868599313989248,False,False,Post_Shock_2023_2024
19,Iowa,2015,59301.918496577186,46995.54479214571,90293.8653407262,44533.1445423746,14.126401583025864,9.073971693218162,14.245664388583707,1.406582261275073,False,False,Baseline_2015_2019
19,Iowa,2016,59286.73005870256,46641.91161091135,90352.76937458992,44855.651710158454,13.882235580794829,9.017556073965158,14.359715070998446,1.425489299575516,False,False,Baseline_2015_2019
19,Iowa,2017,59165.24596300943,46767.0,90756.93099223697,45256.0,14.016170756961507,9.047704057620088,14.501163632350602,1.4608211316933204,False,False,Baseline_2015_2019
19,Iowa,2018,59669.7818725288,47610.13336944012,91136.35652213695,45538.72699685791,14.360776227484873,9.086052654329988,14.453165827719202,1.4888790534969334,False,False,Baseline_2015_2019
19,Iowa,2019,59195.91891346913,47626.66729250519,90992.45589455054,45760.87241890502,14.558985418611389,8.98947436186307,14.453535906267101,1.5084172916599607,False,False,Baseline_2015_2019
19,Iowa,2020,58682.841331824544,49890.40744017836,93110.13158908802,48456.49744408082,14.678756715438869,9.157256468776936,14.747537446533993,1.5495654955194267,False,False,Shock_2020_2022
19,Iowa,2021,63291.1091681653,52685.82883714064,98472.60191691986,48207.144407129934,14.48536476694053,9.35670844873369,14.45422244119977,1.481484924524681,False,False,Shock_2020_2022
19,Iowa,2022,63297.77100400076,51281.25991355009,96819.05993946435,47124.38386496045,14.547523515010115,9.532159138892268,14.186364709885575,1.4562162450544796,False,False,Shock_2020_2022
19,Iowa,2023,62636.43798143489,50487.792006616306,94770.7985539626,46896.69093081109,14.544576108716825,9.41429529632171,14.349071368546031,1.4717144538588254,False,False,Post_Shock_2023_2024
19,Iowa,2024,63903.98996549711,51141.77978826162,96824.66500007035,47289.424111141925,14.227540556816662,9.366674325034351,14.66413151230576,1.4862779757078284,False,False,Post_Shock_2023_2024
20,Kansas,2015,54265.72593931029,48190.03126358025,82994.90526386295,46576.69888657775,11.792626354008435,13.148847131889983,14.281200793664144,1.4888881900405828,False,False,Baseline_2015_2019
20,Kansas,2016,56245.159707862425,47712.237726399646,85922.51908476622,46382.500510401784,11.695126088431527,13.062637478887986,14.480927141205182,1.3946515012785765,False,False,Baseline_2015_2019
20,Kansas,2017,56798.13953996792,48271.0,86898.0518262202,46395.0,11.775525960661488,13.003040900882379,14.784202479817852,1.3868870171540055,False,False,Baseline_2015_2019
20,Kansas,2018,57919.78883792294,49083.15514900023,88163.77160908571,46649.594316367125,11.933608026496636,13.042984732333226,14.889463596407829,1.3942401196137137,False,False,Baseline_2015_2019
20,Kansas,2019,57797.001522962375,50006.37072327376,88132.01743489203,47186.58515119868,12.00099915014815,12.932247283919425,14.991989572088109,1.389120173645405,False,False,Baseline_2015_2019
20,Kansas,2020,56707.23696973121,52307.407644961,88676.23281919077,49729.40037324534,11.95086705202312,12.769448458574182,15.445041546242775,1.4004546001926783,False,False,Shock_2020_2022
20,Kansas,2021,57979.983436351424,53549.7237332546,88744.66246799043,49160.594899804404,11.874931660278442,12.744582322397992,15.10810235738793,1.3755123632097357,False,False,Shock_2020_2022
20,Kansas,2022,60508.52372709097,51812.281355179315,90930.43858096711,47930.96690642566,12.156236226620756,12.939876346061343,14.906274513469421,1.3614300084051316,False,False,Shock_2020_2022
20,Kansas,2023,61112.82688798267,51123.31392639366,90203.29674178791,47827.44898294071,12.22464278984886,12.606217400846704,15.114715851471713,1.349589950198409,False,False,Post_Shock_2023_2024
20,Kansas,2024,61242.5520664011,51553.583326160624,90108.30883797737,48376.36665614669,12.207928314669942,12.326652944888544,15.413283446134558,1.3426307475104207,False,False,Post_Shock_2023_2024
21,Kentucky,2015,44891.32895477677,40091.30956851196,80635.87214648786,44623.11884801512,13.148375146413882,11.79591947917518,14.377652474735093,1.1959358230503119,False,False,Baseline_2015_2019
21,Kentucky,2016,45091.57636523317,40156.63409817214,80444.61466608876,44919.99383351319,13.328995310744451,11.7119087317302,14.45926333498651,1.00184679400966,False,False,Baseline_2015_2019
21,Kentucky,2017,45480.736641189826,40403.0,80775.51862609717,45024.0,13.346812806922545,11.504997452592887,14.633053340837737,0.9775641453115705,False,False,Baseline_2015_2019
21,Kentucky,2018,45893.969249228154,40664.772228571885,80882.05145123397,44980.36486438052,13.34219084361949,11.601392935463451,14.848728121304028,0.986335415591093,False,False,Baseline_2015_2019
21,Kentucky,2019,47082.13108328889,41674.53236171902,83073.99078424889,45472.27824780859,13.310845272870589,11.467540897920644,14.989282869029704,0.9975783709960925,False,False,Baseline_2015_2019
21,Kentucky,2020,45827.30275087722,44595.16913886968,83616.59915882313,47706.393932251725,13.140941963498747,11.669277405505758,15.421377711430797,0.8970788733211499,False,False,Shock_2020_2022
21,Kentucky,2021,47807.97755630222,46975.0765029339,84309.878261441,47538.64353987526,13.079150059538037,11.893503355878115,15.183491276008862,0.8826809988609179,False,False,Shock_2020_2022
21,Kentucky,2022,48801.191178168454,44061.378483196946,83692.49933335584,46516.30568416737,13.110584152930345,11.963564903335458,15.047363751109112,0.8829673785809203,False,False,Shock_2020_2022
21,Kentucky,2023,49877.96577239369,44788.20618177761,83824.61360711663,46691.554108604476,13.035014116628352,11.693985239027345,15.34067926491901,0.8846013907267268,False,False,Post_Shock_2023_2024
21,Kentucky,2024,50384.83470715608,45564.06887076053,84730.88710369708,47051.09379034649,12.958553009107565,11.42713017395857,15.781903259340547,0.8525171914157841,False,False,Post_Shock_2023_2024
22,Louisiana,2015,51296.763764438874,43936.418400367904,88848.70982815015,48432.03112013062,7.447759555143037,11.29193323830676,15.251195428779793,2.826349985083038,False,False,Baseline_2015_2019
22,Louisiana,2016,50272.19705752292,43029.560971138344,87523.11583424892,47699.98208385589,7.120216600633936,11.25420968488213,15.664455561395243,2.3794839333744497,False,False,Baseline_2015_2019
22,Louisiana,2017,51261.42975005237,43486.0,89072.22245743984,47743.0,7.0603615518202085,11.2415809229966,15.910974403489819,2.2147892695000997,False,False,Baseline_2015_2019
22,Louisiana,2018,52509.329163198636,44381.00411378416,89980.15243254708,48114.80683533315,7.052986784269357,11.328921497706476,15.899001716369208,2.269010948749361,False,False,Baseline_2015_2019
22,Louisiana,2019,52882.854143942044,45077.25898371646,90781.2338991035,48402.32405136569,7.159902797811651,11.477083414551739,16.13343209491508,2.2898132626408327,False,False,Baseline_2015_2019
22,Louisiana,2020,48501.497696224,47526.444857444236,87035.4462420071,50190.63826498874,7.382226180995566,11.751547534671404,16.86871761578008,2.12015900490516,False,False,Shock_2020_2022
22,Louisiana,2021,52409.44606300616,49854.424622651946,90046.42595844716,49750.39539432409,7.107486885397535,11.995952201623524,16.727669939261002,1.9954897219395957,False,False,Shock_2020_2022
22,Louisiana,2022,52173.14381645994,46315.288103739906,86797.43733082051,48233.33085031864,7.204093928361614,12.135343633549029,16.602397523145466,2.0089065562030712,False,False,Shock_2020_2022
22,Louisiana,2023,54133.82731974175,47349.600855918245,88865.65458216978,48475.842232738876,7.353588797186624,11.89147802577872,16.873339986587883,1.981613783853713,False,False,Post_Shock_2023_2024
22,Louisiana,2024,55701.559174478716,48187.26522128605,90186.98326991795,48811.61252068131,7.3217559841675435,11.858147356822345,17.117684766233815,1.8422597024827128,False,False,Post_Shock_2023_2024
23,Maine,2015,45339.46014577382,44406.97367699363,74166.1013047003,44384.22155372821,9.338484180778634,10.942306369139219,18.101189986725714,1.0991980049975751,False,False,Baseline_2015_2019
23,Maine,2016,46286.257024588675,45176.34102338682,75039.22083294526,44665.68925073019,9.27349967289681,11.026275909471087,18.004753347632022,1.112316470266734,False,False,Baseline_2015_2019
23,Maine,2017,46842.12717739465,45905.0,75514.93503380161,45040.0,9.256964470654273,11.08061929748831,18.132817744484804,1.118878134688833,False,False,Baseline_2015_2019
23,Maine,2018,47983.12757384463,46591.02486191146,76792.17649108089,45351.30474259977,9.354414558787916,11.388802657690675,17.886102221622668,1.1609518407335955,False,False,Baseline_2015_2019
23,Maine,2019,49176.62536840996,47922.931740574284,79250.68556572526,46173.14980618563,9.52434569585212,11.378482236352143,17.993826515101553,1.1709997410289035,False,False,Baseline_2015_2019
23,Maine,2020,49569.014162952364,51456.9114913972,83198.68533698081,50156.54265081469,9.707139324046548,11.944970741316958,18.49381536992252,1.332771950002653,False,False,Shock_2020_2022
23,Maine,2021,51742.59196277907,53716.17049857917,84021.50656654447,50658.615787725576,9.8759078266086,12.11582810341069,17.761358179085445,1.4226919363853463,False,False,Shock_2020_2022
23,Maine,2022,52375.09746080908,51583.62385744307,84004.10774651378,49872.461704054265,9.655876907361296,12.34054778778012,17.140394560429037,1.4373044755155462,False,False,Shock_2020_2022
23,Maine,2023,53861.93359163248,52560.88059809257,84557.0368645121,49595.647944549106,9.328039143654397,12.3194647449175,17.460821172590062,1.4286495908206254,False,False,Post_Shock_2023_2024
23,Maine,2024,55209.10398611795,53732.93829238513,86107.49678032337,50452.57538517448,8.994041986579829,12.346618912146273,17.917037822443188,1.3882510317873733,False,False,Post_Shock_2023_2024
24,Maryland,2015,62599.73092154413,56913.402161026424,105121.63711201717,60736.7930570381,4.0042235437090845,16.90471054021918,14.254768756736771,0.24907484556317583,False,False,Baseline_2015_2019
24,Maryland,2016,64459.713881427946,57811.908486002496,107117.83317204432,60992.24772610799,3.9428708893060675,17.13408943152561,14.316192468555542,0.24452148546041141,False,False,Baseline_2015_2019
24,Maryland,2017,65382.4184761362,58245.0,108123.25983184022,61300.0,4.027179997957468,17.00856469155315,14.450726549790113,0.24239053139375685,False,False,Baseline_2015_2019
24,Maryland,2018,65559.05962508863,58486.481061858096,107244.3606107543,61327.0996029581,4.094079126142563,17.182829525535784,14.545602494005369,0.24064374721917803,False,False,Baseline_2015_2019
24,Maryland,2019,65301.96053745687,59179.06319795664,107490.89145563392,61979.67307760006,4.161167452956937,17.39182161755271,14.650683644458182,0.26663078974083,False,False,Baseline_2015_2019
24,Maryland,2020,62990.32417360712,61431.77283809421,107454.02512276304,66560.32147010753,4.3181948433191755,17.855835174701827,14.771967473048097,0.2830905061799935,False,False,Shock_2020_2022
24,Maryland,2021,65925.80838677242,62659.97032881868,108570.84421836931,66178.8720522567,4.286233425306273,18.020923650062723,14.474386659817123,0.28978836925856793,False,False,Shock_2020_2022
24,Maryland,2022,66740.0206719533,59372.21752575559,106644.05800277444,62873.27371820062,4.2656230298812465,18.246541773049135,14.221166738166792,0.26936552189475205,False,False,Shock_2020_2022
24,Maryland,2023,67778.07377911134,60836.3413433453,105496.68540260186,62368.02961582137,4.210694803272089,17.880897521535513,14.496320581639024,0.27295750416884923,False,False,Post_Shock_2023_2024
24,Maryland,2024,69348.93906055004,62111.22583195457,106821.32816243921,62911.39058111696,4.082395596822303,17.76958013339854,14.943692465286833,0.2741872448570477,False,False,Post_Shock_2023_2024
25,Massachusetts,2015,74912.49385982503,63639.75714822143,111067.28721135981,67460.04548196965,7.266118634080315,15.718898956248797,18.047210926424,0.2450394105051896,False,False,Baseline_2015_2019
25,Massachusetts,2016,75497.56399153417,64828.2638423046,110761.1363539853,67470.37611403,7.032630496661518,15.876880390710914,18.22184410996199,0.2569713494114984,False,False,Baseline_2015_2019
25,Massachusetts,2017,76177.71457688436,66069.0,110943.70374462892,68505.0,6.90433407847811,16.061543445910306,18.29703421842911,0.2621788274087221,False,False,Baseline_2015_2019
25,Massachusetts,2018,78528.32089918201,67541.31872070472,113132.42308966955,69273.9984150183,6.834597775704302,16.46495822404361,18.070994307360163,0.26843024912758773,False,False,Baseline_2015_2019
25,Massachusetts,2019,80710.34281959206,69397.78969478638,116218.66215522368,70678.72594922103,6.71662701901245,16.73987114947766,18.15357514965145,0.28870238466134873,False,False,Baseline_2015_2019
25,Massachusetts,2020,80224.78569342564,73491.20215137689,121811.11267373266,77099.65465146382,6.911183228886899,17.716395442862506,18.712246464704805,0.33490845294134636,False,False,Shock_2020_2022
25,Massachusetts,2021,85385.7113925223,76105.97424069085,125054.79075270248,77601.28132265563,6.735696273587567,17.713110947466802,18.442971002646118,0.37838486923485354,False,False,Shock_2020_2022
25,Massachusetts,2022,86466.95983824559,71532.94356836549,123035.01047114056,73778.47745639064,6.6340215016442174,17.777375437753363,17.91037013798965,0.38552332385516647,False,False,Shock_2020_2022
25,Massachusetts,2023,86914.24686494439,72288.60722935853,121752.74444970793,72167.13405228716,6.522029091607128,17.52646810420528,18.010521513163994,0.37583511657461466,False,False,Post_Shock_2023_2024
25,Massachusetts,2024,88083.1568271472,73120.52383092808,124317.04274278213,73578.43061121047,6.342890771934301,17.383920401777324,18.311871279807836,0.3771943903720501,False,False,Post_Shock_2023_2024
26,Michigan,2015,49123.52985467359,44451.44373610331,89178.64076646356,51291.559339625426,14.072958239309926,15.346374182684187,15.059083664352595,0.8735736696173456,False,False,Baseline_2015_2019
26,Michigan,2016,49930.10018574064,45019.06027740858,89701.94912185585,51644.25637585571,14.138874923188649,15.301316170018081,15.133562771520909,0.8632570558606796,False,False,Baseline_2015_2019
26,Michigan,2017,50259.28580085362,45264.0,89697.92789700272,52177.0,14.3224072586025,15.041920166455904,15.177272696579584,0.8571705989064223,False,False,Baseline_2015_2019
26,Michigan,2018,51322.313458713004,45966.284014384306,90434.28994166704,52201.00244119041,14.464158781763784,15.176847244671427,15.127562041407405,0.8268808272725283,False,False,Baseline_2015_2019
26,Michigan,2019,51704.56293164027,46574.88056262884,91203.374638856,52403.332277230824,14.356402588519439,15.052039079732374,15.114312966896405,0.8173619780976727,False,False,Baseline_2015_2019
26,Michigan,2020,49901.47229618198,50025.842796480836,93276.91808623409,55814.52040291951,13.980212840485557,15.178278476802,15.755059560559745,0.8794097116346583,False,False,Shock_2020_2022
26,Michigan,2021,52647.15611725608,51638.29973797837,94372.05668444445,55463.86153448721,14.176155180303741,15.27937260740265,15.288350708338283,0.8870170126542823,False,False,Shock_2020_2022
26,Michigan,2022,53744.77817693634,48622.80241239686,93011.56511580624,53286.41027831406,14.02980695163828,15.37414004324168,14.841094150747871,0.929075321388821,False,False,Shock_2020_2022
26,Michigan,2023,55113.23454173294,49341.43917663816,93376.76442310121,52829.569612276915,13.995779554529836,15.035508160623417,15.088845717749606,0.9443052743243909,False,False,Post_Shock_2023_2024
26,Michigan,2024,55661.35793382193,49967.31922381722,94000.79791832273,53219.551339065125,13.630894428109244,14.611853600794497,15.517347394186807,0.9367826563042068,False,False,Post_Shock_2023_2024
27,Minnesota,2015,62689.47824671501,53108.62663859554,94319.0868427167,54436.52328735913,11.427011500048259,12.942416205805198,16.679247620543066,0.992262713366015,False,False,Baseline_2015_2019
27,Minnesota,2016,63091.92611590224,53089.40089247397,94812.72110797235,54649.952709712634,11.277905179223998,13.301883173347427,16.88476468147744,0.9548359505095111,False,False,Baseline_2015_2019
27,Minnesota,2017,63275.254623919,53826.0,94956.17616053805,55406.0,11.170282605156324,13.137262110461625,17.079589160762648,0.9776251223256848,False,False,Baseline_2015_2019
27,Minnesota,2018,64559.96542641114,54861.0318310521,96586.04584663776,55891.8542294719,11.165947031922924,13.18652044576655,17.2510808395862,0.9626617790702837,False,False,Baseline_2015_2019
27,Minnesota,2019,64994.41700325836,55516.50594351025,97715.94445046622,56411.05199544702,11.164468640439663,13.274263711462757,17.281775189725124,0.9733221924557882,False,False,Baseline_2015_2019
27,Minnesota,2020,62661.34576596839,58125.445363605104,99193.68564967254,59831.17317270132,11.420763431795157,13.420910531328689,17.976154352501485,1.0467721077108614,False,False,Shock_2020_2022
27,Minnesota,2021,66148.43574309313,61268.69247518175,101848.17775746672,59671.16536886001,11.281393914866367,13.536425788534993,17.802945805213305,1.0303579170271953,False,False,Shock_2020_2022
27,Minnesota,2022,67379.7329231532,58183.7010814782,101576.57201198426,57573.94775418155,11.342952228582961,13.625109759541635,17.305777293772945,1.0063539649736541,False,False,Shock_2020_2022
27,Minnesota,2023,67767.18851631792,58463.18987075898,100290.9448246678,56801.17938182224,11.219792667265734,13.3559533277558,17.601660865343895,1.0015458717649448,False,False,Post_Shock_2023_2024
27,Minnesota,2024,68867.5881709144,59034.02975558594,101844.20019611064,57307.89310431669,10.921831898734522,12.883698772102546,18.17634021970317,0.9998598422935939,False,False,Post_Shock_2023_2024
28,Mississippi,2015,36650.48576214405,36299.9784825561,69761.88229172512,39897.91652075589,12.75939334822354,9.747940332687532,15.515906168368213,1.6067244626828037,False,False,Baseline_2015_2019
28,Mississippi,2016,36828.95250043225,36397.21574787402,69511.17474777052,40011.60899473765,12.763078586198743,9.930355406123818,15.581577698083485,1.5021505013095033,False,False,Baseline_2015_2019
28,Mississippi,2017,36964.41164719479,36579.0,69263.62173548767,39930.0,12.804276126320117,9.895542570744476,15.787887971445231,1.4498031897265216,False,False,Baseline_2015_2019
28,Mississippi,2018,37037.81646085582,36726.95257400232,68733.42487408986,39955.10567208401,12.84681628530951,10.064415371255038,15.88744466238528,1.4355501394605168,False,False,Baseline_2015_2019
28,Mississippi,2019,37456.21433152083,37528.74765799489,69206.72378310193,40293.882506639755,12.96682452769378,9.908083670453806,16.068890575714292,1.3893120628954965,False,False,Baseline_2015_2019
28,Mississippi,2020,37586.38581523365,40217.671119079176,70704.14833278225,42270.98477267195,12.845687502810094,10.25902418837589,16.09383559318457,1.3360909727377248,False,False,Shock_2020_2022
28,Mississippi,2021,39380.60858263477,42547.954386094396,71456.34319216284,42126.409860870204,12.925812337852362,10.695591553064506,15.646268243986386,1.2893953319378606,False,False,Shock_2020_2022
28,Mississippi,2022,39337.29243852162,39361.75496745315,69444.70787081997,40927.179375032036,12.982200055349281,10.675601705176904,15.491774869854984,1.2565334413546432,False,False,Shock_2020_2022
28,Mississippi,2023,40596.57362691888,39959.8485077223,70127.99303030339,40584.91247185775,12.495789567085657,10.51010202385065,15.81597974512559,1.2628283599254657,False,False,Post_Shock_2023_2024
28,Mississippi,2024,41834.6116768785,40592.73280223406,72138.20078988913,40894.35740494566,12.125722350297504,10.443549630218307,16.17567970294147,1.21527837248098,False,False,Post_Shock_2023_2024
29,Missouri,2015,50684.06478400067,44136.01657265091,84252.00167295025,48229.33038558415,9.623325265072385,13.776877785547759,16.27060011879603,0.600313966192845,False,False,Baseline_2015_2019
29,Missouri,2016,50616.435017690615,44759.64917689901,83345.41714553782,48161.61128633748,9.55605871506095,13.86863327111785,16.331183312362977,0.5891538924113683,False,False,Baseline_2015_2019
29,Missouri,2017,50914.526729841105,44781.0,83320.23063953192,48510.0,9.55918255225543,13.861397174355917,16.591220756769818,0.5884061868762229,False,False,Baseline_2015_2019
29,Missouri,2018,51265.1886932225,45567.03556651149,83174.90740912328,48894.75673716782,9.775117615673453,13.948233000522816,16.665014601985412,0.5955305507315665,False,False,Baseline_2015_2019
29,Missouri,2019,52304.98745477648,46429.145300148244,85043.94333140393,49442.60536578306,9.85126318573651,13.74381063163553,16.823136932576055,0.6007349030604845,False,False,Baseline_2015_2019
29,Missouri,2020,51365.52379386503,49442.42895394709,85654.2107727119,52131.24697172841,9.960427884248757,13.82130718817427,17.212225563302674,0.634103343555943,False,False,Shock_2020_2022
29,Missouri,2021,53718.14667873947,51468.23456471196,87434.21562665961,52219.95881462892,9.880634161343622,13.772108618936626,16.767436354210712,0.6487250047335547,False,False,Shock_2020_2022
29,Missouri,2022,54573.5307563901,49020.64970699288,86916.98867174452,50716.73554184962,10.004877367525948,13.725323391443482,16.32167089537267,0.664364095485812,False,False,Shock_2020_2022
29,Missouri,2023,55897.15750482279,50243.23673622097,87035.10605681219,50903.69685791364,9.974276088936005,13.411318938238267,16.74554961730639,0.6770438788151976,False,False,Post_Shock_2023_2024
29,Missouri,2024,56587.636765273055,50744.82305723184,88148.08568223643,51228.5163968134,9.829034024468468,13.009927958211001,17.256905111796062,0.6750100666659996,False,False,Post_Shock_2023_2024
30,Montana,2015,46170.680029075615,44568.30691469388,72309.34355476231,41535.03520844496,4.259752879506472,9.057295938380344,15.072388831437435,2.901793674000642,False,False,Baseline_2015_2019
30,Montana,2016,45124.34880394122,44223.46481560954,70665.01146313304,41821.358877032755,4.286760227694973,8.977857125581824,15.44306636266295,2.6243406717837208,False,False,Baseline_2015_2019
30,Montana,2017,45810.166217264785,45369.0,71871.07526738226,42263.0,4.329921141586006,9.010493414680333,15.674823858207217,2.608443923026526,False,False,Baseline_2015_2019
30,Montana,2018,46366.52572167896,46082.44676572139,72298.0865238004,42642.46747402502,4.4232366216454615,9.211777512919035,15.544148462408943,2.690085151607726,False,False,Baseline_2015_2019
30,Montana,2019,46735.22424557994,47607.49160007353,73314.33263952601,43061.893709149364,4.457148929387387,9.313639020243345,15.574942882949896,2.7186653206524625,False,False,Baseline_2015_2019
30,Montana,2020,46049.417010990146,50738.062292560986,73254.13292674719,45910.69158575177,4.472101105706796,9.627029264329403,15.85196800042047,2.7260523267145684,False,False,Shock_2020_2022
30,Montana,2021,48215.047504736016,53585.00321068752,74619.98234720611,46528.203122116836,4.451823632301895,9.88520927938678,15.410962482472106,2.656298652311383,False,False,Shock_2020_2022
30,Montana,2022,49759.48099610087,52027.53768088706,75690.59124945918,45710.56021595394,4.438492867175708,10.171151509289096,14.965731409213928,2.642540611454032,False,False,Shock_2020_2022
30,Montana,2023,51834.67007249171,53272.02158174216,77059.3912554108,46113.95317392075,4.290148365493332,10.26383761289215,15.114968951575507,2.7062544767151615,False,False,Post_Shock_2023_2024
30,Montana,2024,53277.06655578578,54089.261657246505,79247.9993723521,47054.2194338979,4.187419798975767,10.428570871378033,15.229516317129963,2.5350349276679394,False,False,Post_Shock_2023_2024
31,Nebraska,2015,62811.28495573735,51407.388330794834,91828.16182955106,45918.95568672289,10.142664120036365,12.307334628889796,14.511518219805334,1.542365530413605,False,False,Baseline_2015_2019
31,Nebraska,2016,63125.56723091398,49725.22701421209,92532.30729094754,46217.049336061034,10.002260992916588,12.237340246396608,14.684581163967414,1.5742292233850677,False,False,Baseline_2015_2019
31,Nebraska,2017,63694.31459806436,49533.0,93509.21660734748,46677.0,10.082815564720734,12.206249408900822,14.74725627181927,1.5933977819902874,False,False,Baseline_2015_2019
31,Nebraska,2018,64530.71036858199,50209.64098969762,94364.08940067573,46965.86937042775,10.20452607492746,12.306940431422829,14.788674792907637,1.6177844848916125,False,False,Baseline_2015_2019
31,Nebraska,2019,65253.90263340157,51307.441454761654,96032.28254225396,47767.60863187787,10.169322465862734,12.394249794402873,14.723604178710723,1.6041664970320733,False,False,Baseline_2015_2019
31,Nebraska,2020,64539.31558718455,53900.4305072041,97044.50173163555,50450.14377286901,10.286488134098764,12.498721176370081,14.873799883350191,1.6932152210070908,False,False,Shock_2020_2022
31,Nebraska,2021,68797.58049205552,57579.725578477315,101284.58075968831,50446.938923128015,10.30486213794903,12.317395428206945,14.79868454296566,1.6430787327543004,False,False,Shock_2020_2022
31,Nebraska,2022,70910.70392047025,55576.33554868361,103049.23194569582,49436.08603987631,10.507658785651566,12.528659468600605,14.597019415265537,1.6249512179257861,False,False,Shock_2020_2022
31,Nebraska,2023,74010.95076281126,57523.58277924005,105370.17569990663,48928.75215784603,10.398296359629198,12.61602429691111,14.788622031077352,1.628158866249948,False,False,Post_Shock_2023_2024
31,Nebraska,2024,73844.96639643876,56805.44590342664,105351.10918891849,49168.717296430535,10.250805146261284,12.131721044918375,15.18769404736547,1.6360100867820555,False,False,Post_Shock_2023_2024
32,Nevada,2015,52890.98055802794,45296.374859187315,90743.12139339466,48883.97102317555,3.3829998352930777,13.44747656943602,9.618643216686017,1.3420802082538255,False,False,Baseline_2015_2019
32,Nevada,2016,53710.20039151502,45667.5880286825,90452.12903195882,49568.96757177916,3.388327898276934,13.73692976702227,9.792839436540717,1.301920628960411,False,False,Baseline_2015_2019
32,Nevada,2017,55232.45818284211,46991.0,91653.27241052805,49447.0,3.604416088363995,13.725284677235097,9.899702220938641,1.3508265649990083,False,False,Baseline_2015_2019
32,Nevada,2018,56007.34239408942,48113.83067775889,91210.67234935556,49999.76711123147,4.0411223678548245,13.950241789019934,10.039532322414535,1.4112017971889748,False,False,Baseline_2015_2019
32,Nevada,2019,57363.60925679408,49801.19081425504,93424.15530419027,50316.058156045015,4.207905857165876,13.9662524232424,10.14698815193295,1.4092605304123575,False,False,Baseline_2015_2019
32,Nevada,2020,53234.75520645677,51793.132131169084,93700.79184817658,53748.89444420832,4.39868054595374,14.193691113437493,11.137614316471447,1.542339068086199,False,False,Shock_2020_2022
32,Nevada,2021,58002.1991620062,55202.43156068937,95478.45545351644,54568.305568882155,4.417993120364164,13.911080338531116,10.737093317030414,1.4640218616265108,False,False,Shock_2020_2022
32,Nevada,2022,61196.97061244836,52512.49259366832,95141.96642357337,52822.39469682733,4.406517343710934,14.292799452132227,10.336520170012935,1.3756481471416304,False,False,Shock_2020_2022
32,Nevada,2023,62645.212182703806,53711.25571870221,94740.75863780717,52246.33747070909,4.327563423905762,14.129600975166358,10.561456234418223,1.312612799583873,False,False,Post_Shock_2023_2024
32,Nevada,2024,63731.10790298453,54780.02888210935,96406.73739063968,53321.13475448613,4.279546688014769,14.190428676585283,10.836546506246512,1.2808216440874396,False,False,Post_Shock_2023_2024
33,New Hampshire,2015,59027.70129278653,56012.62491720003,92161.87262679922,53516.09648253079,10.551879222243508,12.171681799480533,14.614026877887458,0.3988655885779971,False,False,Baseline_2015_2019
33,New Hampshire,2016,59752.37903518263,56863.117492406476,92468.18604022572,53957.508905990246,10.519551337999559,12.141247275417975,14.653810089488326,0.3983952964947702,False,False,Baseline_2015_2019
33,New Hampshire,2017,59731.46461272217,57878.0,91990.1958229129,54384.0,10.554303299070984,12.653503436181593,14.71153978579528,0.3912855190692393,False,False,Baseline_2015_2019
33,New Hampshire,2018,60273.30119030786,58896.46724304779,92170.0366576143,54646.277164714644,10.713136501344795,12.7110540407628,14.774238201919749,0.39751926124255504,False,False,Baseline_2015_2019
33,New Hampshire,2019,61550.292778328934,61310.44141173526,94866.06791764317,55477.19577402536,10.740545902723502,12.690735285276258,14.887723200865748,0.394847592136115,False,False,Baseline_2015_2019
33,New Hampshire,2020,60694.671703105414,63989.89100154167,97472.08024861042,60432.581922715806,10.772876471059163,13.218157073092627,15.07405331838924,0.42766792090305017,False,False,Shock_2020_2022
33,New Hampshire,2021,65059.61854792864,66913.40886444993,100929.4116595056,64297.299922500635,10.450763801493252,13.653693003710796,14.742901506037551,0.41374827283972104,False,False,Shock_2020_2022
33,New Hampshire,2022,65658.75271274702,63095.23062992261,99833.65068167294,59794.35444465327,10.429511887809497,14.413437809869603,14.358416151615236,0.4075181355262471,False,False,Shock_2020_2022
33,New Hampshire,2023,66816.83588649548,63797.55170625727,99406.18989185311,59155.02385937736,10.304866341589245,14.477816910181607,14.48895572175835,0.3819439864341,False,False,Post_Shock_2023_2024
33,New Hampshire,2024,67394.23990321743,65030.57690897672,99893.39905479793,59723.234158673076,9.95465050364104,14.574630445209959,14.849198389511475,0.39186616084536113,False,False,Post_Shock_2023_2024
34,New Jersey,2015,64037.993139937826,60404.8188948472,109636.13577787617,63909.680065143,6.067571128349154,16.594682485105945,14.785930500838694,0.33537490600839337,False,False,Baseline_2015_2019
34,New Jersey,2016,64352.733181077645,61049.44072464553,108889.18690220352,63670.10562191936,6.0878023415441485,16.715849277637776,14.821045773718176,0.32597600589989,False,False,Baseline_2015_2019
34,New Jersey,2017,64302.62121088455,61704.0,108296.93225186899,63668.0,6.0516137694953,16.639541938589883,14.937060731022445,0.32077975461209807,False,False,Baseline_2015_2019
34,New Jersey,2018,65822.93500527978,62667.363952418695,109348.74409488472,63708.92408415536,6.073747185927498,16.68512831774913,15.091441435760007,0.3008766872996948,False,False,Baseline_2015_2019
34,New Jersey,2019,66817.78556135965,64735.2200800291,111050.04396654917,64160.90809170099,6.109800260297908,16.683729225518206,15.239061144536855,0.3038931534400813,False,False,Baseline_2015_2019
34,New Jersey,2020,64557.77459539294,66734.58794255268,112498.98024053917,69449.92477135826,6.287061608405496,17.24294288330483,15.479953243561326,0.3163390294973416,False,False,Shock_2020_2022
34,New Jersey,2021,68111.76679372998,69057.3155699893,113004.6266563514,68605.91917924493,6.090589264409469,17.477873458208816,15.237143304612227,0.3094596298045887,False,False,Shock_2020_2022
34,New Jersey,2022,69744.50018401012,64841.57085988622,110397.84853432422,65504.091302045075,6.015038866933358,17.50584092371246,15.101049189526487,0.3039457072233966,False,False,Shock_2020_2022
34,New Jersey,2023,70494.71997479595,65521.50547091913,109379.10128217218,64560.17800999009,5.992509274344858,17.02605841531015,15.560806927377486,0.3098414930151477,False,False,Post_Shock_2023_2024
34,New Jersey,2024,71099.5614091375,66298.02536907574,111360.16069926323,64855.54087009745,5.949961772990119,16.659239189610908,16.12537800762847,0.3150347735270137,False,False,Post_Shock_2023_2024
35,New Mexico,2015,44609.44745751068,39042.64352346034,85604.95920430076,45047.135690688854,3.4443863245913913,12.652182428027102,16.754755429730206,4.576814475644614,False,False,Baseline_2015_2019
35,New Mexico,2016,44313.13884673965,39293.63260238243,85175.4205286646,44669.77446491144,3.323065642622435,12.875981406686012,17.278702778221597,3.849455094025542,False,False,Baseline_2015_2019
35,New Mexico,2017,44362.292139729885,39196.0,85085.38196184536,44832.0,3.2569375558286326,13.233174915732693,17.291083704701695,3.982031199877609,False,False,Baseline_2015_2019
35,New Mexico,2018,45682.18980857861,39999.032762925766,86510.10681738576,45315.1869123521,3.3009019263064068,13.358529387086536,17.142436745380014,4.360181966094769,False,False,Baseline_2015_2019
35,New Mexico,2019,47551.48849861149,41441.547698674396,89877.81578586726,46364.906730502196,3.408017937691383,13.603506264088521,17.019173537124377,4.4161764319197205,False,False,Baseline_2015_2019
35,New Mexico,2020,46262.21296176537,44096.994331771064,91686.351920891,48988.76786535348,3.4794076526246176,14.081233506998853,17.86072903701979,3.897688709353506,False,False,Shock_2020_2022
35,New Mexico,2021,47938.03428895291,46003.53397055024,93022.01110590754,48958.8686570469,3.4757515774622783,14.288977784360561,17.712764421839836,3.5982582958763185,False,False,Shock_2020_2022
35,New Mexico,2022,49323.120946546835,44509.480172899835,92128.97887305266,47557.40923613129,3.4789635270146473,14.347977998782513,17.097529845844996,3.799664530661105,False,False,Shock_2020_2022
35,New Mexico,2023,53818.03563264002,44651.44830030653,97591.84487185739,47869.28080550834,3.3499321488381217,14.390869405782647,17.04664095874509,3.8957778125532823,False,False,Post_Shock_2023_2024
35,New Mexico,2024,55974.212586762864,45591.418251835414,100599.73904548789,48669.3957390919,3.296026262461393,14.40676699766778,17.263706239288634,3.8139650362591624,False,False,Post_Shock_2023_2024
36,New York,2015,77952.57664612621,58543.281536767405,129416.45631524142,69129.22397971453,5.020342485926661,14.141108905377349,16.850201095249428,0.3361737933314364,False,False,Baseline_2015_2019
36,New York,2016,78943.67786118556,59644.12704629449,129745.18821264023,68857.30632856542,4.888516253779075,14.185049745876814,17.10572125376542,0.33053219758521524,False,False,Baseline_2015_2019
36,New York,2017,80485.85437446226,62206.0,131123.66752933757,70207.0,4.788103053746156,14.32626830520818,17.425148228906565,0.332375107633309,False,False,Baseline_2015_2019
36,New York,2018,82355.60255975032,62697.624837220785,131582.03203556378,70626.95281294429,4.681447667349035,14.325467542614465,17.747431046674222,0.3369826446570117,False,False,Baseline_2015_2019
36,New York,2019,84289.67571780883,63720.82595039447,133723.90832549194,71672.02681718083,4.579750870254417,14.46788863635673,18.218530867821194,0.33309584435505396,False,False,Baseline_2015_2019
36,New York,2020,82855.2376467417,66630.40689924308,140443.661971831,77791.98503927577,4.651468617842768,14.600728860579643,19.3337682688344,0.36359163540058154,False,False,Shock_2020_2022
36,New York,2021,88254.13422352876,69120.63770897147,143174.75519714068,78771.83629184042,4.6096195973621725,14.542721221988396,19.10875508457708,0.36260201052386243,False,False,Shock_2020_2022
36,New York,2022,90374.4656134713,64849.10901915225,139218.32709272823,74435.9724590388,4.532278797242539,14.765325818860608,18.776751662859887,0.353236633464697,False,False,Shock_2020_2022
36,New York,2023,90636.57557563239,65747.55820440956,136050.31462381314,73174.31562641532,4.4205086126130535,14.701346290242853,19.358504597750418,0.35465253405739094,False,False,Post_Shock_2023_2024
36,New York,2024,91996.43785273435,66402.73442804816,138223.57333080133,74069.93805967056,4.236457688638602,14.457602298661802,20.08537969121829,0.3531385959003365,False,False,Post_Shock_2023_2024
37,North Carolina,2015,52720.802805410385,43055.29071754347,92227.70059686559,48995.66326466034,11.078047334064774,14.287780771779682,14.170904164546116,0.7693335390207836,False,False,Baseline_2015_2019
37,North Carolina,2016,53243.371364892,43503.445816163694,92065.90873860374,49298.32213227115,10.90762843262564,14.354364450671898,14.143225280540637,0.7334814649250249,False,False,Baseline_2015_2019
37,North Carolina,2017,53753.76824846758,44219.0,92381.83267438438,49933.0,10.790776163890227,14.3661187371929,14.040644658045549,0.7153964133426131,False,False,Baseline_2015_2019
37,North Carolina,2018,54173.74611927898,44950.10397957843,91909.71351250574,50624.507958758615,10.76750179276234,14.542402938611238,14.032517070067478,0.6848884927896153,False,False,Baseline_2015_2019
37,North Carolina,2019,54772.785637943474,46380.24728444752,92372.05784892113,51237.450177386105,10.605276518859762,14.543793008092345,14.073021394344694,0.6630770831277125,False,False,Baseline_2015_2019
37,North Carolina,2020,53996.86035167697,49073.05980039488,93199.94708065757,54328.519885167174,10.469650095701803,14.855232951489883,14.268763046960384,0.6837330064244534,False,False,Shock_2020_2022
37,North Carolina,2021,56721.7481268994,51767.6578218991,94861.306839218,55158.10606340184,10.290320148320308,15.132308456563972,13.923901569250148,0.6243956745824056,False,False,Shock_2020_2022
37,North Carolina,2022,57974.96265564507,49517.33064529908,94426.71280695853,54257.157677128365,10.070189639272153,15.749154068662685,13.539561413700108,0.59473728783625,False,False,Shock_2020_2022
37,North Carolina,2023,59147.78617694193,50107.28331287619,95087.08350979135,53937.308452192636,9.721439517626692,15.513513334456839,13.774176945573586,0.5907723165355381,False,False,Post_Shock_2023_2024
37,North Carolina,2024,60091.199279482804,51258.9914214397,97027.06051068197,54789.405812763594,9.49010356828139,15.231827399391701,14.228075469511515,0.5797342738355888,False,False,Post_Shock_2023_2024
38,North Dakota,2015,76944.70735985444,54782.9760734462,98210.78980921561,51434.277203744874,5.815975399934107,8.487388805505729,14.028809898597943,6.323443277080206,False,False,Baseline_2015_2019
38,North Dakota,2016,71596.96697485948,52390.8292674797,94946.94824527788,49162.48876074448,5.8875284990614185,8.485348305879137,15.199499423425928,4.743969946226376,False,False,Baseline_2015_2019
38,North Dakota,2017,73721.54922946713,51830.0,98643.28877271291,49566.0,5.960805529927205,8.510813017162675,15.5309416043938,5.4086822948618245,False,False,Baseline_2015_2019
38,North Dakota,2018,75847.66798142318,53857.54184471162,101169.95765883986,50263.32965628198,6.203870893581558,8.500208344309327,15.454597703902026,6.087964404255014,False,False,Baseline_2015_2019
38,North Dakota,2019,76503.31982053911,54321.86030501805,102195.1613902058,51055.28109928537,6.2778328291989585,8.002374437430973,16.06245432637163,6.142556115004127,False,False,Baseline_2015_2019
38,North Dakota,2020,72603.80804810599,57246.5361982296,101019.424753175,51437.022383129006,6.379244158441847,8.250159108587823,16.84682136398994,5.039448827647516,False,False,Shock_2020_2022
38,North Dakota,2021,73718.50324623992,59845.75355205373,101072.20462824423,50586.2476288888,6.528796020695579,8.492728580275275,16.7120298048303,4.624043628518348,False,False,Shock_2020_2022
38,North Dakota,2022,73098.89501416961,59542.24489586715,98091.02010629332,49551.6711486221,6.695728494773976,8.663115385831022,16.299017522191452,5.1000833926969396,False,False,Shock_2020_2022
38,North Dakota,2023,78918.80148042552,57699.759108899845,103890.8885335617,50001.899298330834,6.755304893522658,8.522219244424733,16.04215928792166,5.48099203346939,False,False,Post_Shock_2023_2024
38,North Dakota,2024,79868.21059583784,56290.496128330924,104780.97597192894,50533.84211751129,6.638798951228388,8.410700456271636,16.276487548169783,5.401547031435157,False,False,Post_Shock_2023_2024
39,Ohio,2015,54243.709132509815,45296.374859187315,92285.18758698076,49597.560343772806,13.046534490205442,13.784176443727057,16.301097894986487,0.5651990092756313,False,False,Baseline_2015_2019
39,Ohio,2016,54532.40433505942,45523.58422879333,92068.57618049528,49578.159303686974,12.878446237075583,13.760924296372018,16.40738097167141,0.516252954360592,False,False,Baseline_2015_2019
39,Ohio,2017,55562.257458898945,46114.0,93331.67998669691,50088.0,12.786576361520822,13.682053511279259,16.4192806730609,0.5126732040593324,False,False,Baseline_2015_2019
39,Ohio,2018,55785.61576944317,46680.83135874348,92850.81600253559,50224.28335331154,12.92959846952149,13.667478682052598,16.43061245593002,0.5275911038531853,False,False,Baseline_2015_2019
39,Ohio,2019,57178.91716281358,47359.16638308358,95322.44497842579,50881.74108277888,12.883814101385607,13.680710496397365,16.49983306835079,0.524547777014615,False,False,Baseline_2015_2019
39,Ohio,2020,55577.25222472555,50056.15000907999,95681.03912688968,53910.84861153506,12.745271203784247,13.782164567592554,16.837006835010257,0.5043359700001971,False,False,Shock_2020_2022
39,Ohio,2021,58804.85923368417,52048.08443739159,98130.66078400103,53893.47248772926,12.688142368499745,13.896038625540344,16.4753184314292,0.4893755178066402,False,False,Shock_2020_2022
39,Ohio,2022,59029.014147956426,48830.52057883857,96239.19675371163,51953.83123473032,12.668350699067538,14.01020507316306,16.08552590099195,0.49582651227271685,False,False,Shock_2020_2022
39,Ohio,2023,59957.04748911579,49733.21028414648,96090.03739116863,51656.66966413086,12.542876094769468,13.74027720625872,16.419840384231122,0.5072412858676998,False,False,Post_Shock_2023_2024
39,Ohio,2024,60873.48208833247,50468.985013819416,97119.44269911275,52400.63272859424,12.358169029187836,13.428965688135612,16.919221194003033,0.5128376048063853,False,False,Post_Shock_2023_2024
40,Oklahoma,2015,49678.945884283115,45792.78482134193,84705.56044615047,46654.26294316441,8.678359183217681,11.946153445616122,13.51195192504945,4.042569342369657,False,False,Baseline_2015_2019
40,Oklahoma,2016,48534.24628155217,42948.877991058594,83114.39091158312,45771.76099030445,8.263249867701198,11.82002540644603,13.846132369868107,3.486723799443901,False,False,Baseline_2015_2019
40,Oklahoma,2017,49113.03068426117,43873.0,84006.67730101608,46104.0,8.204285611289668,12.065598362760388,13.85512756783148,3.7133869382582065,False,False,Baseline_2015_2019
40,Oklahoma,2018,49901.21859671604,44932.53314324173,84778.70793997736,46623.238061862074,8.687535299806274,12.218045229832486,13.638693133452104,3.9865818703308515,False,False,Baseline_2015_2019
40,Oklahoma,2019,50731.757040991935,46191.3667139957,86634.63208074552,47044.68502720442,8.791054327280529,12.28692192264395,13.782984332249525,3.500922901647167,False,False,Baseline_2015_2019
40,Oklahoma,2020,48263.62470093258,47348.389983424204,84476.48521461769,47970.63494210061,8.577393575325823,12.246700468969859,14.22167713015478,2.6272376713959353,False,False,Shock_2020_2022
40,Oklahoma,2021,48836.19351025356,49367.74875447466,84361.85166613523,47658.95560394139,8.296235311632925,12.535176050446099,14.008005156078912,2.392766728784778,False,False,Shock_2020_2022
40,Oklahoma,2022,48237.2984853156,48519.78090242778,81562.41047582963,46159.49947890862,8.301654558266483,12.881245365113653,13.942107384739415,2.495284339699859,False,False,Shock_2020_2022
40,Oklahoma,2023,50969.03155426074,48968.17060603475,84506.12086988708,46362.53073494759,8.413400577058342,12.805575359704484,14.302469962821366,2.457761339005029,False,False,Post_Shock_2023_2024
40,Oklahoma,2024,51324.62678371929,49753.21264054525,84979.28003788424,46857.30389015872,8.411753896803324,12.530332760799704,14.733316907703916,2.36978109599126,False,False,Post_Shock_2023_2024
41,Oregon,2015,51159.438719328056,45675.92164275136,85975.07756633862,50856.166435318984,10.375752910096129,13.087963620861162,14.426949118215417,3.048006096012192,False,False,Baseline_2015_2019
41,Oregon,2016,52470.22780659954,46435.60829475807,87646.98680618187,51490.039540513404,10.194233825889224,13.264894827131025,14.555586096604113,2.9449598397283028,False,False,Baseline_2015_2019
41,Oregon,2017,54382.73464007151,47566.0,89640.60213371617,51990.0,10.051890005718361,13.213872519322695,14.565465669395941,2.971423595643427,False,False,Baseline_2015_2019
41,Oregon,2018,56009.08639340555,49011.89564607916,91168.09704330895,52608.06014965732,10.136015959983423,13.226076163939684,14.558382843850804,2.9697460021949142,False,False,Baseline_2015_2019
41,Oregon,2019,56877.87760744352,50038.96940040758,92979.21881028223,53719.743562664036,10.116679728912748,13.265696323510968,14.675497461692467,2.9997947239446585,False,False,Baseline_2015_2019
41,Oregon,2020,55767.39630836867,53665.54960956065,94891.60207272667,57704.932788791826,10.072224933123044,13.482513963559684,15.63864224532297,3.1790516107107694,False,False,Shock_2020_2022
41,Oregon,2021,58974.88207721783,56670.600583090374,98054.88449667719,58691.48141860722,9.907923276485349,13.646652915408497,15.367509462850338,3.1174775656020075,False,False,Shock_2020_2022
41,Oregon,2022,59877.45068022244,53345.87797919052,97100.29186899276,56738.04964890401,9.857933312623604,13.83825086862958,14.940480035104015,2.995221383922484,False,False,Shock_2020_2022
41,Oregon,2023,60705.78901898931,54315.40377155385,96139.34917327658,56003.961378658496,9.541502612298672,13.69830087445378,15.487134617608753,2.9184832073697495,False,False,Post_Shock_2023_2024
41,Oregon,2024,61741.546480408055,55433.288384355204,97283.10498909504,56628.06563188381,9.327932900101848,13.388337250603136,16.348328946358894,2.965758532034274,False,False,Post_Shock_2023_2024
42,Pennsylvania,2015,56914.13919764909,50976.132176173014,97751.25996309887,52823.190910356636,9.981265416323984,13.847726470510205,17.47841956225766,1.0075878314284545,False,False,Baseline_2015_2019
42,Pennsylvania,2016,57656.626187534894,51649.36289358227,98087.22257675485,52476.61876528602,9.748021832217074,14.02584179642261,17.7116013412205,0.8521096825433065,False,False,Baseline_2015_2019
42,Pennsylvania,2017,58267.83733070925,51886.0,98443.20414216358,52932.0,9.698621670897479,13.962352583313029,17.964285289344613,0.868303707301949,False,False,Baseline_2015_2019
42,Pennsylvania,2018,58844.35541138527,53169.35075485749,98390.74910658714,53272.82345772917,9.722087541410444,13.871337777828526,18.21144374289233,0.897681458227068,False,False,Baseline_2015_2019
42,Pennsylvania,2019,59411.93726162851,53825.20987103815,99311.64649002628,54073.5350880281,9.711576302638658,13.898924461167399,18.396587815420176,0.895371058534613,False,False,Baseline_2015_2019
42,Pennsylvania,2020,56802.107117068146,57092.15883405265,99580.49918128744,57455.845385242515,9.80499366777375,14.080116372307574,19.138208695091325,0.8733935540104919,False,False,Shock_2020_2022
42,Pennsylvania,2021,58858.56152607265,57897.24087537365,100166.5389319073,57440.41687271653,9.63349895802454,14.35729803152916,18.492599983186807,0.8385004402401631,False,False,Shock_2020_2022
42,Pennsylvania,2022,59826.36427382938,54509.267225914475,98288.08551702532,55454.88742717535,9.625952098441253,14.523693668663688,18.131447274907888,0.8319642081425043,False,False,Shock_2020_2022
42,Pennsylvania,2023,60719.028985643155,54784.402859187016,97756.15342567334,54923.574115036994,9.506339432158459,14.24148248588177,18.589178066364614,0.8279352562779319,False,False,Post_Shock_2023_2024
42,Pennsylvania,2024,61569.97230076573,55367.64986977547,98600.34179741445,55209.02345954113,9.365155462706957,14.01571404935284,19.17846266908268,0.8122646530569936,False,False,Post_Shock_2023_2024
44,Rhode Island,2015,54185.54041325037,49691.671399097955,93125.17245284162,53031.06258200888,8.76418408403744,13.527780910292119,17.83221023828623,0.25403211289916117,False,True,Baseline_2015_2019
44,Rhode Island,2016,54165.115374559675,49548.541500872896,92561.1640951724,53165.99865837247,8.548898831024532,13.861463521797358,17.637081067836064,0.25403211289916117,False,True,Baseline_2015_2019
44,Rhode Island,2017,54162.13177526599,50414.0,91995.78618488504,53566.0,8.459617648660764,14.112141309949262,17.535958036039734,0.25403211289916117,False,True,Baseline_2015_2019
44,Rhode Island,2018,53799.97142396577,50889.04666138339,90546.7168778238,53113.7097731246,8.38446826934458,14.209594056095803,17.403736536197304,0.25403211289916117,False,True,Baseline_2015_2019
44,Rhode Island,2019,54959.52785543313,52851.08469551,92408.12965918535,53448.4075147561,8.188197793418142,14.056148818667403,17.567818004357154,0.25403211289916117,False,True,Baseline_2015_2019
44,Rhode Island,2020,53016.86203302,56141.270038754155,94412.15209938139,57636.74156044373,8.41861072110019,14.677835979407423,17.827024156676387,0.25403211289916117,False,False,Shock_2020_2022
44,Rhode Island,2021,55277.06421015126,57081.28988448905,94752.23212891052,56976.35605417573,8.42432553646588,14.76898330228386,17.354929966190575,0.2628424066790865,False,False,Shock_2020_2022
44,Rhode Island,2022,56012.65621087615,54055.302523449114,92407.4457953668,54642.44137294767,8.34707962322008,14.537272874588131,17.042352423017313,0.2636379123367585,False,False,Shock_2020_2022
44,Rhode Island,2023,56411.4229878231,54628.33798268472,90965.30920060331,53647.70352672448,8.274086409359887,14.263300089510478,17.364008594644528,0.2636379123367585,False,True,Post_Shock_2023_2024
44,Rhode Island,2024,57148.99384464367,55279.35043944798,92185.74543531727,53777.4787129928,8.051028012092598,14.010893030601055,17.800027868710103,0.2636379123367585,False,True,Post_Shock_2023_2024
45,South Carolina,2015,43960.08689240879,40951.75350291329,80876.3880854615,44796.862334769234,12.095917648307768,13.551134658986882,13.082747100976931,0.616499160718013,False,False,Baseline_2015_2019
45,South Carolina,2016,44935.03387251742,41620.162078606045,81682.97232747213,45201.87361201965,11.927233272403855,13.61761301048892,13.098101134250063,0.6127845706325261,False,False,Baseline_2015_2019
45,South Carolina,2017,45316.134480800974,42385.0,81523.26250197976,45585.0,11.814089137888933,13.885142587900503,13.105813718683995,0.6108067395094974,False,False,Baseline_2015_2019
45,South Carolina,2018,46151.680798915135,42772.29643140175,81465.62182850897,45063.33825819272,11.938711554284277,14.122407649725126,13.099881769847535,0.6053498546385853,False,False,Baseline_2015_2019
45,South Carolina,2019,47080.40814091506,44247.91028604732,82932.22924172695,45812.64678847049,12.128752047062116,14.104357782546233,13.21564986326306,0.5894975322539968,False,False,Baseline_2015_2019
45,South Carolina,2020,45458.83937465218,46183.456499144166,82586.97062799819,48313.48528462856,12.050890489886546,13.987882887969228,13.607466515716398,0.6134984450511602,False,False,Shock_2020_2022
45,South Carolina,2021,47322.99311597649,48295.79540170498,83681.70639708266,48666.682215743436,11.924210224694955,14.27608109076148,13.369898994722892,0.5850665011103418,False,False,Shock_2020_2022
45,South Carolina,2022,48517.78904612006,45689.620884659416,83956.8268118991,47882.38765782236,11.972627341580212,14.18674335680395,13.18408154041565,0.5621121813280479,False,False,Shock_2020_2022
45,South Carolina,2023,49350.35592133113,46445.389921956536,84102.54626958624,47666.55735768062,11.728009258227331,13.944669966128654,13.480911593023162,0.5515795780480868,False,False,Post_Shock_2023_2024
45,South Carolina,2024,50640.58243642078,47391.78893745079,86723.42950076591,48655.33034311053,11.544591179855127,13.741464082944537,13.862053539968073,0.5302434418813531,False,False,Post_Shock_2023_2024
46,South Dakota,2015,59693.742818612984,49959.52594117721,85820.15510154494,41000.3603117076,10.238209701456661,7.591221575885775,16.150665833373395,1.493918561607615,False,False,Baseline_2015_2019
46,South Dakota,2016,59571.068505630654,49312.62038190553,85832.03714276625,41625.26859633261,10.026399657517956,7.654235836940494,16.325928744708175,1.5283261190125101,False,False,Baseline_2015_2019
46,South Dakota,2017,59321.29172250355,49408.0,85845.74905114976,42033.0,10.19695187330321,7.619369971762579,16.598538660178136,1.5730587068539064,False,False,Baseline_2015_2019
46,South Dakota,2018,59340.734672612416,50349.23152281697,85118.95689625504,42171.95952323113,10.409742180747529,7.797586004164646,16.734711086438665,1.6000393509897477,False,False,Baseline_2015_2019
46,South Dakota,2019,59502.58700987891,52165.55369107828,86059.86308486805,42887.39490802129,10.455759711892346,7.913660701623047,16.845183984822736,1.6242092267917798,False,False,Baseline_2015_2019
46,South Dakota,2020,60090.920559400234,56442.44796395826,88028.44673250336,45810.298944017064,10.341843046618012,8.078313657418507,17.429008468155708,1.7111332751527242,False,False,Shock_2020_2022
46,South Dakota,2021,62496.05323199855,60778.39819906262,89625.21360136705,45753.86382256338,10.169774794222922,8.250349345180894,17.06034734892272,1.7047116335427084,False,False,Shock_2020_2022
46,South Dakota,2022,60778.568254512975,58458.4251080624,86188.00731215802,44666.943944234685,10.177894824734219,8.520582135595438,16.716200998810724,1.7757888821940437,False,False,Shock_2020_2022
46,South Dakota,2023,62384.839262579015,59691.59742961977,87034.18249921712,44490.55667504644,10.006958173645089,8.43882881788361,16.64770656387714,1.8734054185396671,False,False,Post_Shock_2023_2024
46,South Dakota,2024,62255.82724811511,58995.7406220811,87077.74054701561,45090.53387272107,9.832344000104676,8.340275385011275,16.958596295343227,1.8518922360966334,False,False,Post_Shock_2023_2024
47,Tennessee,2015,50722.313556494046,43370.71788099588,86918.32461112818,47793.93748127771,11.785768233294258,13.984372728439634,14.089826317159291,0.4005392529177029,False,False,Baseline_2015_2019
47,Tennessee,2016,51482.047102239274,43852.73162866083,86932.47911932081,47982.88316590766,11.8629564706689,14.03128521335266,14.018922664465187,0.3748588002994715,False,False,Baseline_2015_2019
47,Tennessee,2017,52732.09734037976,44407.0,88127.08420582041,48392.0,11.887618000008189,13.938092047171343,14.014211179242643,0.36677753015081893,False,False,Baseline_2015_2019
47,Tennessee,2018,53234.12831620949,45341.543166857155,87948.02100770277,48839.115755434934,11.793318460983933,14.067807029418967,13.973178039221482,0.371226471662195,False,False,Baseline_2015_2019
47,Tennessee,2019,53944.07233977135,46887.444349264835,88818.46381365937,49121.41251755282,11.703742927956904,14.092419350105658,13.91153594933946,0.3814180058445847,False,False,Baseline_2015_2019
47,Tennessee,2020,53128.034902022824,49229.33136535928,89342.83230689948,51685.16268628459,11.486701271285973,14.270547678624887,14.285773071013082,0.38180071813100763,False,False,Shock_2020_2022
47,Tennessee,2021,57656.34368244188,52201.86677491973,93446.28115516192,53018.722367789785,11.570358347439281,14.544144158479913,13.87339057928206,0.3761696665426802,False,False,Shock_2020_2022
47,Tennessee,2022,58818.134518799576,49498.06646050811,92568.81081454447,51640.578838564186,11.53505492755124,14.703692690713758,13.509666432016092,0.3762959219250087,False,False,Shock_2020_2022
47,Tennessee,2023,59873.39069924084,51032.41015812171,92589.80772111942,51731.484269876804,11.260628269076433,14.360237140111542,13.793097047134102,0.37847497449091666,False,False,Post_Shock_2023_2024
47,Tennessee,2024,60706.459029157704,51798.16493405889,94330.12356769136,52318.58458536958,11.083441793999029,13.897120892902622,14.065307537580589,0.37003507735637864,False,False,Post_Shock_2023_2024
48,Texas,2015,59651.50969367499,48365.843125176674,99553.54863738606,55621.702072003274,7.560313348093788,13.80553519632386,13.277074077127681,2.8302101275755263,False,False,Baseline_2015_2019
48,Texas,2016,58717.198588728694,46845.15101642869,97934.17721215493,55057.452824292624,7.184276609481286,13.888598539451035,13.54672972322348,2.3696099967998503,False,False,Baseline_2015_2019
48,Texas,2017,59147.95678802386,48524.0,97478.56210390691,55416.0,7.110820469617393,13.990317942817535,13.601389352899865,2.3396973166931923,False,False,Baseline_2015_2019
48,Texas,2018,61264.35980471518,50121.78680801411,99185.34871375153,55932.85284759087,7.172039701657194,14.233393305576053,13.519774014054866,2.473306336882734,False,False,Baseline_2015_2019
48,Texas,2019,62611.159270949945,51075.41557633861,100935.440039446,56869.35104456361,7.2182104373758875,14.371720816628153,13.517832546464348,2.4447186214646295,False,False,Baseline_2015_2019
48,Texas,2020,60973.54819832276,51924.77908589666,100734.45808599477,59023.29653685509,7.214074982953901,14.705593357530647,13.871937605062381,2.0700468343135703,False,False,Shock_2020_2022
48,Texas,2021,64434.90801237034,54634.34151382071,102713.4833707656,59264.99907738863,7.003210664095815,15.306470050580113,13.57920030617746,1.8952075068403345,False,False,Shock_2020_2022
48,Texas,2022,65580.84430700283,53401.995387059855,101386.41468117647,57910.652201397555,7.005514857252018,15.799020297123151,13.216441032796219,1.939955403827228,False,False,Shock_2020_2022
48,Texas,2023,69582.9783848543,54318.62160405905,105403.25013169633,57842.95265538133,6.991916948033186,15.62950599695122,13.417196283808957,1.9706640235255326,False,False,Post_Shock_2023_2024
48,Texas,2024,70946.49380313499,54512.786358463316,108595.40381439604,58575.34156441571,7.005536020729654,15.363440564554715,13.581655875234029,1.988151285371134,False,False,Post_Shock_2023_2024
49,Utah,2015,51802.74685555395,41244.42854310028,83299.5700812569,46803.185931810796,9.16558443253759,14.407973796631486,11.498510731460975,1.17940520263078,False,False,Baseline_2015_2019
49,Utah,2016,53039.656662893074,42174.729903711144,84075.1092398808,47148.478169386726,9.003526587648448,14.482481542655295,11.585322828930979,1.0148479564079782,False,False,Baseline_2015_2019
49,Utah,2017,55032.67100105252,43030.0,86241.59072444942,47459.0,8.97288387711906,14.401910263472082,11.670166393119473,0.9937871700307845,False,False,Baseline_2015_2019
49,Utah,2018,57237.32907551087,44379.05179863564,87985.0493154206,48220.231853353354,8.938087633827147,14.648699723299332,11.575908712452478,1.0253683987682052,False,False,Baseline_2015_2019
49,Utah,2019,59622.3107254252,46177.94372929355,91661.56274964812,49475.20404291688,8.948909967067538,14.67684363919489,11.634667992382395,0.9969171848531717,False,False,Baseline_2015_2019
49,Utah,2020,59477.76624025189,49025.70478070871,91450.46717070037,52779.063641035355,9.00953048045823,14.922203075458997,11.798430437992732,0.9734500924073153,False,False,Shock_2020_2022
49,Utah,2021,63262.71589886325,52760.91080193379,93919.42619624312,53184.2645311289,9.145394343039422,14.758597958766167,11.581514230799344,0.9400485430762975,False,False,Shock_2020_2022
49,Utah,2022,64187.80834478516,50851.584835386384,93122.53086076726,52063.55333071364,9.131787386835251,14.915975419729259,11.534765022470951,0.97393297049556,False,False,Shock_2020_2022
49,Utah,2023,65614.70159242899,51832.04153566436,93735.88197141729,52176.34961372095,8.994252431686265,14.732180349916785,11.849879524627958,1.0004719653750114,False,False,Post_Shock_2023_2024
49,Utah,2024,66886.02256990685,52624.11624252045,96283.93455503622,52757.73750434347,8.875720312506381,14.454616155186688,12.124062069540896,1.0102607156421801,False,False,Post_Shock_2023_2024
50,Vermont,2015,50388.89028670634,49761.99614373652,74077.35343073793,44783.41789829421,10.062268366236998,9.237342782145392,17.29738355620111,1.2476470243406783,False,False,Baseline_2015_2019
50,Vermont,2016,50774.43796875221,49867.18820701063,74489.09728417602,45146.723220572734,9.733999039098311,9.318473984236018,17.553336536338964,1.2585864357039904,False,False,Baseline_2015_2019
50,Vermont,2017,50993.37022971833,50009.0,74769.70869153239,45439.0,9.549447069240763,9.515191861479696,17.76811163319782,1.2609794404120966,False,False,Baseline_2015_2019
50,Vermont,2018,51238.99606667916,50458.56117113422,75007.36871688362,45732.006196561626,9.611257548318909,9.654114599109347,17.83368886425593,1.2663775158377748,False,False,Baseline_2015_2019
50,Vermont,2019,51942.90851246481,52040.911690272515,76917.07848267142,46537.4879623871,9.687680088599567,9.783298080235406,17.776575845671918,1.3296373921078133,False,False,Baseline_2015_2019
50,Vermont,2020,50405.07648161253,55080.51759778371,79194.1470709697,50255.988192155666,9.938414001820068,10.404012613489662,18.370687040133188,1.4444138748386277,False,False,Shock_2020_2022
50,Vermont,2021,51888.64065459692,55280.227331438895,79746.35452902725,50123.996014318924,9.827780692100129,10.701391674638195,17.930625413576628,1.4156749399135304,False,False,Shock_2020_2022
50,Vermont,2022,53914.67757028106,53461.46308793631,80960.0879257454,49390.019511028346,9.664056613480886,11.003714263901935,17.3143116994334,1.3874551483548034,False,False,Shock_2020_2022
50,Vermont,2023,54806.53737251475,54720.046209082975,80589.79103054518,49244.90420148211,9.283938873704683,11.193239752289305,17.236155858370985,1.3809122034328976,False,False,Post_Shock_2023_2024
50,Vermont,2024,56299.64069225903,55874.785535992654,81819.36704962584,49848.54476886342,8.87435384844309,11.095691891647096,17.607993840938352,1.3683209440444073,False,False,Post_Shock_2023_2024
51,Virginia,2015,59465.3425650504,53381.65211778058,98600.19327031956,57628.02566904483,6.505183883237283,18.9811690566165,12.648696513891725,0.5268873706304527,False,False,Baseline_2015_2019
51,Virginia,2016,59809.53835697378,53777.759482015106,97952.5115001787,57420.74922814751,6.388927589831925,19.087806458694835,12.736770610363127,0.4992157781633799,False,False,Baseline_2015_2019
51,Virginia,2017,60586.19464130854,54377.0,98518.79644896681,58012.0,6.355122802190931,19.21394717755046,12.743827585056982,0.5095134182027362,False,False,Baseline_2015_2019
51,Virginia,2018,61746.18625378333,54791.72464327956,99596.26870304953,58374.22294081806,6.419719853880585,19.47101319359076,12.781647434254225,0.4952412557721638,False,False,Baseline_2015_2019
51,Virginia,2019,62928.46717909422,55956.588084816765,101520.34326736354,59200.15645963146,6.440295508247223,19.66258602467071,12.963635749704038,0.47453045197813265,False,False,Baseline_2015_2019
51,Virginia,2020,61966.61156844909,58200.26629470927,102435.72317433682,63132.765145221805,6.513588652118539,20.405950030344215,13.0636117308169,0.4702017676573412,False,False,Shock_2020_2022
51,Virginia,2021,65333.74626602496,60801.91785068457,104929.07712636483,62972.96261578772,6.432715328843633,20.42558977780128,12.894371533639795,0.46440858369188154,False,False,Shock_2020_2022
51,Virginia,2022,66731.8585634575,58279.184432181246,104554.61820266243,60846.34644889034,6.384964689786462,20.460169533484834,12.799282983902504,0.4553345249919922,False,False,Shock_2020_2022
51,Virginia,2023,68627.88211772882,59459.10903111893,104821.34345523638,60998.037426731695,6.294777461204393,20.209601986904136,13.086923104280853,0.45387501630067534,False,False,Post_Shock_2023_2024
51,Virginia,2024,69584.30965792036,60385.089180685325,106295.71023129771,61907.27759022471,6.175874708576597,20.04883419679655,13.505948045110017,0.4509102102973134,False,False,Post_Shock_2023_2024
53,Washington,2015,66381.80180875167,54199.69436791453,113526.26379917527,58978.67444107385,9.646244382753785,12.350015963498828,14.050472836593656,3.3606287280854144,False,False,Baseline_2015_2019
53,Washington,2016,67751.71017665128,55452.69729632886,114918.13797922073,60250.781352210564,9.342229924970777,12.423087426679945,14.097574691743178,3.3336402267610654,False,False,Baseline_2015_2019
53,Washington,2017,70785.04119990295,56800.0,118938.891597558,61917.0,8.953352203461847,12.485893753253972,14.115243135010573,3.2772690123940453,False,False,Baseline_2015_2019
53,Washington,2018,74418.53903337156,58397.65072260033,123800.18960554378,64152.09962286994,8.855035666070577,12.47465925463146,14.151292218638039,3.242547960242346,False,False,Baseline_2015_2019
53,Washington,2019,77078.19544718543,60816.6673316201,128224.23426232908,66020.95025757166,8.87606792127608,12.538127064822262,14.196149173722173,3.067582239606322,False,False,Baseline_2015_2019
53,Washington,2020,75990.9520252337,64089.33654288265,132386.83878200134,71793.05114543045,8.704933207782052,12.931423955331898,14.881571338950403,3.1160187148344898,False,False,Shock_2020_2022
53,Washington,2021,80849.25770074465,66889.88921282798,136866.1666416013,73706.96977525187,8.084126770599715,13.326733494262823,14.68794284567204,2.956266571059477,False,False,Shock_2020_2022
53,Washington,2022,82577.60412840762,63756.075925577905,135216.214903363,69643.37831234731,7.973907458086911,15.530022196483868,14.196069320450489,2.754573398157544,False,False,Shock_2020_2022
53,Washington,2023,85598.58802307284,65386.356505700656,137823.71414539177,70953.20673969977,7.977990708803158,15.225962801670402,14.294970343081078,2.7368500494747847,False,False,Post_Shock_2023_2024
53,Washington,2024,88576.6927624995,66820.00784216214,143192.31584871496,73417.45996831256,7.9522562491671165,15.045352000687728,14.601221497986195,2.6753549023922787,False,False,Post_Shock_2023_2024
54,West Virginia,2015,40222.39434102271,38335.25932739001,82123.03847302243,42621.966188079336,6.844634046495594,9.876543209876543,19.169916474550952,3.8638599817579844,False,False,Baseline_2015_2019
54,West Virginia,2016,40041.341332890326,37864.82894248918,82579.82114312482,42062.386513726684,6.836693837111769,9.823153427772306,19.596914902633557,3.1014639307226717,False,False,Baseline_2015_2019
54,West Virginia,2017,41241.38248858039,38841.0,84575.31429240051,42919.0,6.8111323809203475,9.810516710124348,19.680991858813965,3.3332504639466984,False,False,Baseline_2015_2019
54,West Virginia,2018,42752.51136105054,40023.43670228229,86190.61670109177,44447.38282883392,6.770510383891054,10.042135439047813,19.46420794891835,3.385976195351547,False,False,Baseline_2015_2019
54,West Virginia,2019,42857.38882862587,40858.60664875204,87521.11120059072,44191.341993373935,6.820943694547165,10.132832724268651,19.764620819123035,3.3878224812380493,False,False,Baseline_2015_2019
54,West Virginia,2020,41709.46658703891,42521.966377008706,88858.23747499994,45500.59711526945,6.92036671869013,10.353759551912875,21.03476849558735,2.8745299976013134,False,False,Shock_2020_2022
54,West Virginia,2021,42684.30686463735,44230.51407904934,88172.94346257056,45069.984721555884,6.8921536136794135,10.450649583615839,20.563813647184734,2.8478001112790094,False,False,Shock_2020_2022
54,West Virginia,2022,43714.1876310243,42015.187029095694,87607.98614523777,43939.93036168868,6.775039998100276,11.028641311284659,20.23399259701209,3.138403816071073,False,False,Shock_2020_2022
54,West Virginia,2023,45402.97485474872,42617.77815701899,88846.93963287093,44509.863670077655,6.7141360890459545,10.907284584916901,20.591221555856933,3.2366707114732174,False,False,Post_Shock_2023_2024
54,West Virginia,2024,46801.18048978104,43315.168335517024,90496.18558629722,44950.66132379522,6.616613335863312,10.68527926078619,21.305871563325656,3.2143668296778016,False,False,Post_Shock_2023_2024
55,Wisconsin,2015,54480.255192132725,47498.15987882725,87098.95204075186,47462.99750650797,16.66011731569661,11.222545514410362,14.553302053919412,1.0827902382460624,False,False,Baseline_2015_2019
55,Wisconsin,2016,54925.60057830854,47587.63869387143,87286.95814783587,47552.91437333078,16.373331692694133,11.42935032809248,14.640123670251322,1.09311122473009,False,False,Baseline_2015_2019
55,Wisconsin,2017,55147.735689141104,48311.0,87496.36775967765,47914.0,16.370921479433502,11.424927503688409,14.784370619740399,1.1235568716679327,False,False,Baseline_2015_2019
55,Wisconsin,2018,56124.32155657962,49315.480651674385,88369.77062671859,48404.72563488872,16.53065807669925,11.447213903955246,14.831599417910583,1.1227053113225847,False,False,Baseline_2015_2019
55,Wisconsin,2019,56673.62778643194,50211.550632292485,89643.30895282343,48998.688085990216,16.74589489916585,11.350570034547758,15.052071029692229,1.0884587487850785,False,False,Baseline_2015_2019
55,Wisconsin,2020,54942.17677673662,52563.12475126637,90474.26512472608,51645.3844697482,16.78437703847468,11.401869911939725,15.513962075077034,1.1285252220552475,False,False,Shock_2020_2022
55,Wisconsin,2021,56926.438867022276,54903.008303502225,90932.97870635925,51687.14824519319,16.647472082146393,11.42722359887568,15.208396050522289,1.1058223334972461,False,False,Shock_2020_2022
55,Wisconsin,2022,57910.87007781184,51793.017170388346,90749.20107569096,50323.0761135125,16.5782459720652,11.388040980863249,14.746451848111262,1.087114049315636,False,False,Shock_2020_2022
55,Wisconsin,2023,58530.811840785114,52187.61202748916,90349.53851503851,49712.29437286267,16.242941768068064,11.347614564844026,14.9203178184832,1.0895196484135596,False,False,Post_Shock_2023_2024
55,Wisconsin,2024,59488.350840533625,52978.876785606124,91620.34788017707,50226.74763858471,15.82119906383317,11.270886210083255,15.322073111627128,1.1078177945738052,False,False,Post_Shock_2023_2024
56,Wyoming,2015,68641.23795768507,58038.59807524354,98668.62047310027,48816.74884080044,3.4524723437826133,6.637845945936385,12.038900897522527,9.360484244711975,False,False,Baseline_2015_2019
56,Wyoming,2016,65039.595743693804,54557.01408708913,95074.89752451374,47057.582153853844,3.3953490083255766,6.64390592061454,12.84412445320864,7.889615286980387,False,False,Baseline_2015_2019
56,Wyoming,2017,65285.81840899625,56378.0,94294.02859377193,47409.0,3.478667289844428,6.793008539019088,12.995111022085716,8.305327427982165,False,False,Baseline_2015_2019
56,Wyoming,2018,66072.23943644819,57785.599923538575,93865.65692267005,48019.14339305555,3.571651645472883,6.980537970614063,12.982646938872987,8.629868722237124,False,False,Baseline_2015_2019
56,Wyoming,2019,67052.47624394475,59303.7051987624,94581.85206070561,48537.51268300888,3.6241402455307203,7.025267579407752,12.95928751344212,8.4889251355038,False,False,Baseline_2015_2019
56,Wyoming,2020,63121.78773657579,61650.553029044364,90831.98194495303,49199.024152760125,3.670821566651467,7.146223613575143,13.72534744441081,7.315204021810351,False,False,Shock_2020_2022
56,Wyoming,2021,64145.31226818387,64639.23947300438,88572.81019159261,49028.523009927296,3.67726201856131,7.534416703673875,13.49232633583477,6.579630730785732,False,False,Shock_2020_2022
56,Wyoming,2022,64789.20208614816,65163.19898857016,87455.68116426277,48198.99034699561,3.745674676932345,7.714686629884585,13.153022767178236,6.964229302732209,False,False,Shock_2020_2022
56,Wyoming,2023,68146.94201475714,66846.44800493597,88615.27512121348,48625.47144423076,3.74221045494172,7.90022207154363,13.090382041981925,7.113823325763528,False,False,Post_Shock_2023_2024
56,Wyoming,2024,67801.61643844955,67677.21558613786,88944.11465495075,49448.46239428223,3.6903690369036903,7.949495736975273,13.261798620806962,6.676966909289354,False,False,Post_Shock_2023_2024
