state_fips,state,period,Cluster_ID,Cluster,Silhouette_Value,Distance_to_Assigned_Centroid,real_gdp_per_capita,real_personal_income_per_capita_2017,real_output_per_job,real_average_wages_salaries_2017,manufacturing_share,professional_business_share,healthcare_share,natural_resources_agriculture_share,Cluster_Name
01,Alabama,Baseline_2015_2019,6,Cluster_6,0.45995464862485425,1.050315959882105,43769.07447778995,40111.13452037933,81768.74297331192,45499.20485418472,13.592490063955731,12.51202338494679,13.847323444531307,0.943139295422702,Lower-Capacity Manufacturing-Intensive Economies
02,Alaska,Baseline_2015_2019,3,Cluster_3,0.637017230638876,0.734513020829646,71828.36039225149,57494.53844977215,116267.08015162998,58207.08905297539,4.0932139321681165,8.901250634178389,14.8817347063353,4.676032780158638,High-Capacity Resource-Specialized Economies
04,Arizona,Baseline_2015_2019,5,Cluster_5,0.31958558946235516,1.4362878754636572,48412.50228238716,43305.01858804575,88984.17165914993,51354.04260687754,6.004268266732034,15.315020508827738,13.83823412176756,1.370042620174988,Professional-Service Low-Healthcare Economies
05,Arkansas,Baseline_2015_2019,6,Cluster_6,0.25778506052665456,1.5439947718208793,41626.09477049868,41397.76695858869,75836.13231054564,43426.40333666933,13.163333219035636,12.15028625001376,16.586404707859323,1.414396694722525,Lower-Capacity Manufacturing-Intensive Economies
06,California,Baseline_2015_2019,0,Cluster_0,0.2627007700003102,1.5967577757515812,69788.31604441292,58404.81440547229,116558.44306348944,66324.76314974121,7.678277951373732,15.324004482539204,14.377243535277051,2.6156973066149893,High-Capacity Professional-Service Economies
08,Colorado,Baseline_2015_2019,5,Cluster_5,0.3930028716633804,0.8585386296855079,63119.19514561646,54982.35093408491,94177.79976232798,57919.31586690767,5.561717861353157,15.971952101345323,12.81961038903754,1.7170074372909387,Professional-Service Low-Healthcare Economies
09,Connecticut,Baseline_2015_2019,4,Cluster_4,0.29607207959895615,1.3318758212082995,75407.04792656304,69636.07953697028,118303.23997277464,66024.88619122903,9.566446273682564,13.206777841483888,17.15350719485921,0.3184919755238707,Very-High-Capacity Service-Healthcare Economies
10,Delaware,Baseline_2015_2019,0,Cluster_0,0.2567742097214948,1.3641767474059454,75497.95341619418,50207.643370164544,123953.3576330803,55073.88820551649,6.011611574815346,14.022375279253929,16.713846190160677,0.3086759746027877,High-Capacity Professional-Service Economies
12,Florida,Baseline_2015_2019,5,Cluster_5,0.34382357195562757,1.5105828224710747,48758.86287128132,48579.59783457166,83915.77342473906,50134.88248452701,4.279376002456348,15.550372469481928,13.951164944116588,0.8986390031604827,Professional-Service Low-Healthcare Economies
13,Georgia,Baseline_2015_2019,5,Cluster_5,0.3737639407466314,1.1562221882129131,55752.57889354214,44695.29736304946,94887.6899579518,53042.863485618494,9.068478164964198,15.523520745647692,12.307979162697828,0.6866770543355238,Professional-Service Low-Healthcare Economies
15,Hawaii,Baseline_2015_2019,5,Cluster_5,0.5226071885325737,0.8551561073500183,59716.09895059392,50181.02568861489,94989.18776425082,50943.78365675503,2.9901678047600804,13.088186581580525,12.093733016964254,0.9451923886690426,Professional-Service Low-Healthcare Economies
16,Idaho,Baseline_2015_2019,1,Cluster_1,0.14448537787694168,1.9771268467663579,42612.10544186456,41609.284802985145,73353.02703119654,42005.56957231244,9.250610074849476,12.39612474001692,14.192554384008512,3.779091238378478,Lower-Capacity Resource-Healthcare Economies
17,Illinois,Baseline_2015_2019,0,Cluster_0,0.1418271169949114,1.3078826302149409,64961.7688219453,53603.21198350401,107217.90814123533,59416.98528203349,9.818716321424697,15.880208020965384,13.47001760897166,0.4507616128098995,High-Capacity Professional-Service Economies
18,Indiana,Baseline_2015_2019,6,Cluster_6,0.3804457527924021,1.2675564312349938,53378.96297791624,44788.50229219983,91681.42045540872,46838.46549459668,17.61433503266276,11.227840607985652,14.297910452063563,0.7038989810458873,Lower-Capacity Manufacturing-Intensive Economies
19,Iowa,Baseline_2015_2019,6,Cluster_6,0.29415282131177295,1.4526484900819496,59323.91906085742,47128.25141300047,90706.47562484811,45188.8791336592,14.188913913375693,9.042951768199291,14.402648965183811,1.4580378075401603,Lower-Capacity Manufacturing-Intensive Economies
20,Kansas,Baseline_2015_2019,6,Cluster_6,0.142710133062544,0.8872464069137189,56605.16310960519,48652.55897245077,86422.25304376542,46638.07577290907,11.839577115949249,13.0379515055826,14.685556716636622,1.4107574003464567,Lower-Capacity Manufacturing-Intensive Economies
21,Kentucky,Baseline_2015_2019,6,Cluster_6,0.44937759739751043,0.8270682707895437,45687.94845874336,40598.049651395,81162.40953483133,45003.95115874348,13.295443876114192,11.616351899376472,14.661596028178616,1.0318521097917457,Lower-Capacity Manufacturing-Intensive Economies
22,Louisiana,Baseline_2015_2019,1,Cluster_1,0.40874812943123096,0.43129417901787453,51644.51477583097,43982.04849380137,89241.0868902979,48078.42881813707,7.168245457935638,11.31874575168874,15.77181184098983,2.395889479869556,Lower-Capacity Resource-Healthcare Economies
23,Maine,Baseline_2015_2019,1,Cluster_1,0.1576443591989777,1.4601737962997046,47125.519458002345,46000.45426057324,76152.62384565067,45122.87307064876,9.34954171579395,11.163297294028286,18.023737963113355,1.1324688383431285,Lower-Capacity Resource-Healthcare Economies
24,Maryland,Baseline_2015_2019,0,Cluster_0,0.4106591271015452,0.9142534318115438,64660.57668833075,58127.17098136873,107019.59643645798,61267.16269274085,4.045904202014424,17.124403161277286,14.443594782709194,0.2486522798754704,High-Capacity Professional-Service Economies
25,Massachusetts,Baseline_2015_2019,4,Cluster_4,0.22614827855667655,1.3877487758698213,77165.28722940353,66295.22588120343,112424.64251097346,68677.6291920478,6.950861600787339,16.172430433278258,18.15813174236534,0.2642644442228693,Very-High-Capacity Service-Healthcare Economies
26,Michigan,Baseline_2015_2019,6,Cluster_6,0.11055818396742975,1.1881080889562536,50467.95844632422,45455.13371810501,90043.23647316903,51943.43008678047,14.270960358276858,15.183699368712391,15.12235882815138,0.8476488259509297,Lower-Capacity Manufacturing-Intensive Economies
27,Minnesota,Baseline_2015_2019,2,Cluster_2,0.4941947393710417,0.6365143901213935,63722.208283241154,54080.31306112637,95677.99488166622,55359.07644439813,11.241122991358234,13.168469129368711,17.035291498418893,0.9721415515454568,Balanced Manufacturing-Healthcare Economies
28,Mississippi,Baseline_2015_2019,6,Cluster_6,0.16333283235167073,2.4152527804296713,36987.57614042955,36706.37889248547,69295.36548643502,40017.702738843465,12.828077774749138,9.909267470252932,15.768341415199302,1.4767080712149685,Lower-Capacity Manufacturing-Intensive Economies
29,Missouri,Baseline_2015_2019,2,Cluster_2,0.06705085476380634,1.5504271524778663,51157.04053590627,45134.56932324193,83827.30003970944,48647.6607549745,9.672989466759743,13.839790372635974,16.536231144498057,0.5948278998544975,Balanced Manufacturing-Healthcare Economies
30,Montana,Baseline_2015_2019,1,Cluster_1,0.4048100757010314,1.5058993204063464,46041.389003508106,45570.14201921967,72091.5698897208,42264.75105373042,4.3513639599640594,9.114212602360976,15.461874079533288,2.708665748214216,Lower-Capacity Resource-Healthcare Economies
31,Nebraska,Baseline_2015_2019,2,Cluster_2,0.16017028470740546,1.3634081442748944,63883.15595733984,50436.53955789324,93653.21153415515,46709.29660501791,10.120317843692776,12.290422902002586,14.691126925442074,1.586388703542529,Balanced Manufacturing-Healthcare Economies
32,Nevada,Baseline_2015_2019,5,Cluster_5,0.4415818818291695,1.8347038857991798,55040.91815665372,47173.99687597675,91496.67009788546,49643.15277244624,3.7249544093909415,13.765237045191146,9.899541069702572,1.3630579459629153,Professional-Service Low-Healthcare Economies
33,New Hampshire,Baseline_2015_2019,2,Cluster_2,0.3434169331477296,0.8269009148726694,60067.02778186563,58192.13021287791,92731.27181303906,54396.21566545221,10.61588325267647,12.473644367423832,14.728267631191311,0.3961826515041353,Balanced Manufacturing-Healthcare Economies
34,New Jersey,Baseline_2015_2019,0,Cluster_0,0.5365901120967798,0.4571080457035507,65066.813619707886,62112.1687303881,109444.20859867652,63823.52357258374,6.078106937122802,16.66378624892019,14.974907917175235,0.3173801014520315,High-Capacity Professional-Service Economies
35,New Mexico,Baseline_2015_2019,1,Cluster_1,0.40313918422356443,1.7585390694748353,45303.71135023407,39794.57131748858,86450.73685961275,45245.80075969092,3.346661877408049,13.144674880324173,17.097230439031577,4.236931833512451,Lower-Capacity Resource-Healthcare Economies
36,New York,Baseline_2015_2019,4,Cluster_4,0.4246733597212595,0.6785169141382003,80805.47743186663,61362.37187413543,131118.250483655,70098.50198768101,4.791632066211069,14.289156627086708,17.469406498483366,0.3338319175124052,Very-High-Capacity Service-Healthcare Economies
37,North Carolina,Baseline_2015_2019,6,Cluster_6,0.026569369884821104,1.4490848281911723,53732.89483519849,44421.61755954662,92191.44267425612,50017.78870661524,10.829846048440547,14.418891981269612,14.092062513508896,0.7132353986411498,Lower-Capacity Manufacturing-Intensive Economies
38,North Dakota,Baseline_2015_2019,3,Cluster_3,0.5709735712535774,0.6850757997626079,74922.84227322866,53436.64149813112,99033.22917525042,50296.27534401134,6.02920263034065,8.397226582057568,15.255260591338264,5.741323207485509,High-Capacity Resource-Specialized Economies
39,Ohio,Baseline_2015_2019,2,Cluster_2,0.14071894277706035,1.1330227672092392,55460.580771744986,46194.79136596154,93171.74094702686,50073.94881671004,12.904993931941789,13.715068685965658,16.411641012799922,0.5292528097126712,Balanced Manufacturing-Healthcare Economies
40,Oklahoma,Baseline_2015_2019,1,Cluster_1,0.24927058552056225,1.5933360442071314,49591.83969756089,44747.7125339276,84647.99373589452,46439.58940450707,8.524896857859071,12.067348873459796,13.726977865690134,3.746036970409956,Lower-Capacity Resource-Healthcare Economies
41,Oregon,Baseline_2015_2019,1,Cluster_1,0.05800672260292706,1.4645901103774446,54179.87303336964,47745.67899679924,89481.99647196557,52132.80193763075,10.174914486119976,13.211700690953103,14.556376237951747,2.9867860515046987,Lower-Capacity Resource-Healthcare Economies
42,Pennsylvania,Baseline_2015_2019,2,Cluster_2,0.47234623754351784,0.8784374615319736,58218.9790777814,52301.21113913019,98396.81645572612,53115.63364427999,9.772314552697528,13.921236617848354,17.952467550227055,0.9042107476070782,Balanced Manufacturing-Healthcare Economies
44,Rhode Island,Baseline_2015_2019,2,Cluster_2,0.4242082332748958,1.2565593739972365,54254.45736849499,50678.86885137285,92127.39385398164,53265.035705652415,8.469073325297092,13.953425723360388,17.595360776543295,0.2540321128991611,Balanced Manufacturing-Healthcare Economies
45,South Carolina,Baseline_2015_2019,6,Cluster_6,0.35822340279766335,1.464746747766448,45488.66883711148,42395.42445979368,81696.09479702986,45291.94419869042,11.980940731989389,13.856131137929532,13.120438717404316,0.6069875715505237,Lower-Capacity Manufacturing-Intensive Economies
46,South Dakota,Baseline_2015_2019,1,Cluster_1,0.1559163668942081,1.5745946587247397,59485.8849458477,50238.9863073956,85735.3522553168,41943.596667858525,10.26541262498354,7.7152148180753075,16.53100566190422,1.5639103930511118,Lower-Capacity Resource-Healthcare Economies
47,Tennessee,Baseline_2015_2019,6,Cluster_6,0.19899622149925575,1.279860181035328,52422.93173101878,44771.887405155736,87748.8745515263,48425.86978403463,11.806680818582436,14.022795273697652,14.00153482988561,0.3789640121749545,Lower-Capacity Manufacturing-Intensive Economies
48,Texas,Baseline_2015_2019,5,Cluster_5,0.36804013663047064,0.9825420253841036,60278.43682921854,48986.43930519161,99017.41534132908,55779.47175769007,7.2491321132451105,14.057913160159329,13.492559942754047,2.491508479883186,Professional-Service Low-Healthcare Economies
49,Utah,Baseline_2015_2019,5,Cluster_5,0.21896425046874915,1.655120520660215,55346.94286408712,43401.230794948126,86652.57642213117,47821.21999949355,9.005798499639956,14.52358179305062,11.59291533166926,1.042065182538184,Professional-Service Low-Healthcare Economies
50,Vermont,Baseline_2015_2019,1,Cluster_1,0.21078890385020932,1.2206788584355621,51067.72061286417,50427.53144243078,75052.12132120028,45527.72705556314,9.72893042229891,9.501684261441172,17.645819287133147,1.2726455616804706,Lower-Capacity Resource-Healthcare Economies
51,Virginia,Baseline_2015_2019,0,Cluster_0,0.0007650818817312881,1.8154431518310596,60907.145799242055,54456.9448655784,99237.62263797564,58127.03085952837,6.42184992747759,19.283304382224653,12.77491557865402,0.5010776549493731,High-Capacity Professional-Service Economies
53,Washington,Baseline_2015_2019,3,Cluster_3,0.06960153319152736,2.25713300584703,71283.05753317257,57133.341943692765,119881.54344876535,62263.9011347452,9.134586019706614,12.454356692577294,14.122146411141523,3.2563336334178388,High-Capacity Resource-Specialized Economies
54,West Virginia,Baseline_2015_2019,1,Cluster_1,0.3680957107539957,2.0382399309213843,41423.003670433965,39184.626324182704,84597.98036204604,43248.415504802775,6.816782868593185,9.937036302217932,19.53533040080797,3.41447461060339,Lower-Capacity Resource-Healthcare Economies
55,Wisconsin,Baseline_2015_2019,6,Cluster_6,0.35758865072508345,1.0240468650611418,55470.30816051878,48584.76597133311,87979.07150556149,48066.66512014354,16.53618469273787,11.374921456938852,14.77229335830279,1.1021244789503497,Lower-Capacity Manufacturing-Intensive Economies
56,Wyoming,Baseline_2015_2019,3,Cluster_3,0.4808867564211934,1.9193168786400798,66418.27355815361,57212.58345692672,95297.01111495231,47967.99741414374,3.504456106591244,6.816113191118366,12.7640141650264,8.53484416348309,High-Capacity Resource-Specialized Economies
01,Alabama,Shock_2020_2022,6,Cluster_6,0.43451977086478016,0.7096993022832755,45960.80474485637,44180.16542322341,83977.14806557186,48239.28014120681,13.502923204509957,12.990238726454132,13.93509404436991,0.8854895434763588,Lower-Capacity Manufacturing-Intensive Economies
02,Alaska,Shock_2020_2022,3,Cluster_3,0.579208793482299,1.1300365032494664,69587.7751226735,58712.18131206546,115407.60805147556,59847.52499115494,3.957472100584744,8.94752757046158,15.903060642437952,3.8589052357475535,High-Capacity Resource-Specialized Economies
04,Arizona,Shock_2020_2022,5,Cluster_5,0.3745006185868883,0.7709008015586576,53886.2289660746,50187.64588969321,95968.9285227774,56225.104277095736,6.247920218175096,15.330148074883232,14.343694069305217,1.1853509322159734,Professional-Service Low-Healthcare Economies
05,Arkansas,Shock_2020_2022,6,Cluster_6,0.32853470404771595,0.9601533512145007,44521.94038704344,45962.26987501475,79841.86646381779,46674.011957297706,13.087534447634754,12.299444916415236,16.357513066247975,1.297860339686148,Lower-Capacity Manufacturing-Intensive Economies
06,California,Shock_2020_2022,4,Cluster_4,0.3399352416042953,1.3159661619678746,78354.31851589466,66941.54057863068,128135.8600091728,74889.41497670127,7.567867743106397,16.055966296301012,15.489549261046278,2.520575436777717,Very-High-Capacity Service-Healthcare Economies
08,Colorado,Shock_2020_2022,0,Cluster_0,0.2713422249770222,1.2391487850187508,69277.96490829665,63516.37361588335,101449.0487097515,63760.62241639672,5.5363718514673215,16.87892397856085,13.1851952762241,1.495717969701026,High-Capacity Professional-Service Economies
09,Connecticut,Shock_2020_2022,4,Cluster_4,0.420565905719331,1.2017165807850083,75122.86742664907,72860.61759925832,118332.62770256336,68668.30890861007,9.71877845018097,13.534569685699957,17.938338819873934,0.3359088083141757,Very-High-Capacity Service-Healthcare Economies
10,Delaware,Shock_2020_2022,0,Cluster_0,0.2807858849533934,1.375574443251486,75881.58170918738,53472.729037971294,123434.53500143642,57789.38108993706,5.781870173567178,14.384719055816667,16.865789550800475,0.2844415493613936,High-Capacity Professional-Service Economies
12,Florida,Shock_2020_2022,5,Cluster_5,0.3874150415572273,1.1543918246375062,52986.68524989212,54984.54109147805,86359.83620602834,55239.56168300348,4.3983353582335045,16.538378314677434,14.086098704201104,0.8122811079495048,Professional-Service Low-Healthcare Economies
13,Georgia,Shock_2020_2022,5,Cluster_5,0.3767935982061352,1.0619051368548298,59052.222752997615,49247.97179669407,96292.90418666392,56669.01498459539,8.800987531068666,16.319706517784944,12.421162601514176,0.6483010439481983,Professional-Service Low-Healthcare Economies
15,Hawaii,Shock_2020_2022,5,Cluster_5,0.43626051923729586,0.9709144211921578,58064.40606061022,54150.74368197373,97785.69190593006,54310.79514272287,2.470796716657039,12.288686788127292,13.357244833264948,0.6906930237766958,Professional-Service Low-Healthcare Economies
16,Idaho,Shock_2020_2022,1,Cluster_1,0.25604511115950973,1.3343818291630962,46394.31837092159,48399.25138265585,77886.10822591884,46334.46038104033,8.92934393453279,12.93247781322841,14.335153841496,3.423158983417302,Lower-Capacity Resource-Healthcare Economies
17,Illinois,Shock_2020_2022,0,Cluster_0,0.41932455646497174,0.9021111250730652,66685.23364621184,58620.036354317446,109207.1025719248,63512.52790662152,9.81820572972584,16.295250507900857,13.912883550371768,0.4407372202946482,High-Capacity Professional-Service Economies
18,Indiana,Shock_2020_2022,6,Cluster_6,0.23917077601112846,1.5363487413825967,55766.609195213976,50038.103496257536,95618.53577640843,50007.3078777589,17.362852730500794,11.568554237612412,14.600434654840967,0.6930775082145072,Lower-Capacity Manufacturing-Intensive Economies
19,Iowa,Shock_2020_2022,6,Cluster_6,0.15228198971206605,1.8420229543109992,61757.2405013302,51285.83206362303,96133.93114849077,47929.3419053904,14.57054833246317,9.348708018800965,14.462708199206446,1.4957555550328625,Lower-Capacity Manufacturing-Intensive Economies
20,Kansas,Shock_2020_2022,2,Cluster_2,0.11650369909809213,1.049596628476378,58398.581377724535,52556.47091113164,89450.44462271611,48940.3207264918,11.99401164630744,12.817969042344506,15.153139472366709,1.3791323239358484,Balanced Manufacturing-Healthcare Economies
21,Kentucky,Shock_2020_2022,6,Cluster_6,0.4128209988503273,0.3664155678662483,47478.8238284493,45210.541375000175,83872.99225120666,47253.78105209812,13.110225391989042,11.84211522157311,15.217410912849587,0.8875757502543293,Lower-Capacity Manufacturing-Intensive Economies
22,Louisiana,Shock_2020_2022,1,Cluster_1,0.30133032311325936,0.5576016015547208,51028.0291918967,47898.71919461203,87959.76984375826,49391.454836543824,7.231268998251572,11.960947789947983,16.732928359395515,2.041518427682609,Lower-Capacity Resource-Healthcare Economies
23,Maine,Shock_2020_2022,1,Cluster_1,-0.05209600431616295,1.3367498587770448,51228.9011955135,52252.23528247315,83741.43321667968,50229.206714198175,9.746308019338814,12.133782210835925,17.798522703145668,1.3975894539678484,Lower-Capacity Resource-Healthcare Economies
24,Maryland,Shock_2020_2022,0,Cluster_0,0.48204767941709714,1.0674605438059201,65218.71774411095,61154.65356422283,107556.3091146356,65204.15574685495,4.290017099502232,18.041100199271227,14.489173623677337,0.2807481324444378,High-Capacity Professional-Service Economies
25,Massachusetts,Shock_2020_2022,4,Cluster_4,0.4801633299505408,1.424066741983132,84025.81897473118,73710.03998681107,123300.30463252524,76159.8044768367,6.760300334706227,17.735627276027557,18.355195868446856,0.3662722153437888,Very-High-Capacity Service-Healthcare Economies
26,Michigan,Shock_2020_2022,2,Cluster_2,0.1706100119221803,1.18442491007697,52097.80219679148,50095.64831561869,93553.51329549494,54854.9307385736,14.062058324142528,15.277263709148777,15.294834806548634,0.8985006818925871,Balanced Manufacturing-Healthcare Economies
27,Minnesota,Shock_2020_2022,2,Cluster_2,0.3060005570105592,1.4520668933261627,65396.50481073824,59192.61297342169,100872.8118063745,59025.42876524763,11.348369858414827,13.52748202646844,17.69495915049591,1.0278279965705703,Balanced Manufacturing-Healthcare Economies
28,Mississippi,Shock_2020_2022,6,Cluster_6,0.24327270362973658,1.879369390395149,38768.09561213001,40709.126824208906,70535.06646525502,41774.85800285806,12.917899965337249,10.5434058155391,15.743959569008648,1.294006582010076,Lower-Capacity Manufacturing-Intensive Economies
29,Missouri,Shock_2020_2022,2,Cluster_2,0.3338274824597623,0.9219381850672498,53219.06707633153,49977.10440855064,86668.47169037201,51689.31377606898,9.948646471039442,13.772913066184792,16.767110937628686,0.6490641479251033,Balanced Manufacturing-Healthcare Economies
30,Montana,Shock_2020_2022,1,Cluster_1,0.4696022479082071,1.0342011283977561,48007.98183727568,52116.86772804519,74521.5688411375,46049.81830794085,4.454139201728133,9.89446335100176,15.4095539640355,2.674963863493328,Lower-Capacity Resource-Healthcare Economies
31,Nebraska,Shock_2020_2022,2,Cluster_2,0.2160589041670523,1.478052064160396,68082.53333323677,55685.49721145501,100459.43814567324,50111.05624529111,10.366336352566456,12.448258691059207,14.75650128052713,1.6537483905623924,Balanced Manufacturing-Healthcare Economies
32,Nevada,Shock_2020_2022,5,Cluster_5,0.48549269218110014,1.2607863682138207,57477.97499363712,53169.35209517559,94773.73790842212,53713.19823663927,4.40773033667628,14.13252363470028,10.737075934504931,1.46066969228478,Professional-Service Low-Healthcare Economies
33,New Hampshire,Shock_2020_2022,0,Cluster_0,0.14877972283930513,1.466490746800866,63804.347654593694,64666.1768319714,99411.71419659632,61508.0787632899,10.551050720120635,13.761762628891008,14.725123658680674,0.4163114430896728,High-Capacity Professional-Service Economies
34,New Jersey,Shock_2020_2022,0,Cluster_0,0.35982159056034235,1.115876444559419,67471.34719104435,66877.8247908094,111967.15181040492,67853.31175088276,6.130896579916108,17.40888575507537,15.272715245900011,0.3099147888417756,High-Capacity Professional-Service Economies
35,New Mexico,Shock_2020_2022,1,Cluster_1,0.33322976931818904,1.698857766247214,47841.1227324217,44870.00282507372,92279.11396661708,48501.68191951056,3.478040919033848,14.239396430047307,17.55700776823487,3.765203845296977,Lower-Capacity Resource-Healthcare Economies
36,New York,Shock_2020_2022,4,Cluster_4,0.5268557518569053,1.5314037536530691,87161.27916124725,66866.71787578893,140945.58142056662,76999.93126338499,4.59778900414916,14.636258633809549,19.073091672090456,0.3598100931297137,Very-High-Capacity Service-Healthcare Economies
37,North Carolina,Shock_2020_2022,5,Cluster_5,0.06359312884928363,1.3370242321394146,56231.19037807381,50119.34942253102,94162.65557561137,54581.26120856579,10.276719961098088,15.245565158905514,13.910742009970214,0.6342886562810364,Professional-Service Low-Healthcare Economies
38,North Dakota,Shock_2020_2022,3,Cluster_3,0.5275884021977402,1.026905467008432,73140.4021028385,58878.17821538349,100060.88316257084,50524.98038687997,6.534589557970468,8.468667691564706,16.619289563670563,4.921191949620934,High-Capacity Resource-Specialized Economies
39,Ohio,Shock_2020_2022,2,Cluster_2,0.3750253616941111,0.8060338451931652,57803.70853545538,50311.58500843672,96683.6322215341,53252.71744466488,12.700588090450507,13.89613608876532,16.465950389143803,0.4965126666931847,Balanced Manufacturing-Healthcare Economies
40,Oklahoma,Shock_2020_2022,1,Cluster_1,0.21150423940753774,1.3714654395359105,48445.705565500575,48411.973213442216,83466.91578552751,47263.03000831688,8.391761148408412,12.554373961509867,14.057263223657705,2.5050962466268576,Lower-Capacity Resource-Healthcare Economies
41,Oregon,Shock_2020_2022,2,Cluster_2,0.1257287553724482,1.4510619313896356,58206.576355269644,54560.676057280514,96682.25947946556,57711.487952101015,9.946027174077331,13.65580591586592,15.315543914425774,3.0972501867450872,Balanced Manufacturing-Healthcare Economies
42,Pennsylvania,Shock_2020_2022,2,Cluster_2,0.394565537039007,1.3820530352778784,58495.677638990055,56499.5556451136,99345.04121007337,56783.71656171147,9.68814824141318,14.32036935750014,18.58741865106201,0.8479527341310531,Balanced Manufacturing-Healthcare Economies
44,Rhode Island,Shock_2020_2022,2,Cluster_2,0.3571626049039085,1.3293291441931825,54768.8608180158,55759.28748223077,93857.2766745529,56418.51299585571,8.396671960262049,14.66136405209314,17.408102181961425,0.2601708106383353,Balanced Manufacturing-Healthcare Economies
45,South Carolina,Shock_2020_2022,6,Cluster_6,0.29125373066167787,1.3271999365087666,47099.87384558291,46722.95759516952,83408.50127899331,48287.51838606479,11.982576018720572,14.150235778511552,13.387149016951646,0.58689237582985,Lower-Capacity Manufacturing-Intensive Economies
46,South Dakota,Shock_2020_2022,1,Cluster_1,0.07917277289962578,1.9152096320431158,61121.84734863726,58559.75709036109,87947.22254867615,45410.36890360504,10.229837555191716,8.283081712731613,17.06851893862972,1.7305445969631588,Lower-Capacity Resource-Healthcare Economies
47,Tennessee,Shock_2020_2022,2,Cluster_2,0.09837574516923717,1.5115964376995643,56534.17103442142,50309.75486692903,91785.97475886864,52114.82129754619,11.53070484875883,14.506128175939518,13.889610027437078,0.3780887688662321,Balanced Manufacturing-Healthcare Economies
48,Texas,Shock_2020_2022,5,Cluster_5,0.31275937800068354,1.0067437323360862,63663.10017256531,53320.37199559241,101611.45204597892,58732.98260521376,7.074266834767244,15.27036123507797,13.55585964801202,1.9684032483270444,Professional-Service Low-Healthcare Economies
49,Utah,Shock_2020_2022,5,Cluster_5,0.42346250470103486,1.050262517945185,62309.43016130009,50879.40013934296,92830.80807590358,52675.62716762597,9.095570736777631,14.86559215131814,11.638236563754342,0.9624772019930576,Professional-Service Low-Healthcare Economies
50,Vermont,Shock_2020_2022,1,Cluster_1,0.07706394546553373,1.2961953626531926,52069.46490216351,54607.4026723863,79966.86317524745,49923.33457250098,9.810083769133694,10.703039517343264,17.871874717714405,1.4158479877023205,Lower-Capacity Resource-Healthcare Economies
51,Virginia,Shock_2020_2022,0,Cluster_0,0.31318540689009955,1.6154599305336859,64677.40546597718,59093.78952585836,103973.13950112136,62317.35806996663,6.443756223582878,20.430569780543443,12.919088749453069,0.463314958780405,High-Capacity Professional-Service Economies
53,Washington,Shock_2020_2022,4,Cluster_4,0.2574992119333601,2.034707878142528,79805.937951462,64911.767227096185,134823.07344232188,71714.46641100988,8.254322478822893,13.92939321535953,14.58852783502431,2.94228622801717,Very-High-Capacity Service-Healthcare Economies
54,West Virginia,Shock_2020_2022,1,Cluster_1,0.3343307045009896,2.1968596165417744,42702.65369423352,42922.55582838458,88213.05569426942,44836.83739950467,6.862520110156607,10.611016815604458,20.610858246594727,2.953577974983799,Lower-Capacity Resource-Healthcare Economies
55,Wisconsin,Shock_2020_2022,6,Cluster_6,0.19206562091487409,1.4674604535197562,56593.161907190246,53086.38340838565,90718.81496892544,51218.53627615129,16.67003169756209,11.405711497226216,15.15626999123686,1.1071538682893765,Lower-Capacity Manufacturing-Intensive Economies
56,Wyoming,Shock_2020_2022,3,Cluster_3,0.5398951033852651,1.3748471617725655,64018.76736363594,63817.6638302063,88953.49110026947,48808.845836561006,3.6979194207150408,7.465108982377868,13.456898849141274,6.953021351776098,High-Capacity Resource-Specialized Economies
01,Alabama,Post_Shock_2023_2024,6,Cluster_6,0.4216793692406806,0.5512958000506614,49015.20590954616,44334.00650889544,85400.17948090174,47790.64398567763,13.539406540369376,12.870579094869091,14.130823083162102,0.8356425131793505,Lower-Capacity Manufacturing-Intensive Economies
02,Alaska,Post_Shock_2023_2024,3,Cluster_3,0.5978407413642415,1.1840360854525536,74855.9672578187,59124.5688699742,116990.77158872865,58711.48730795107,3.796876097604299,9.01362659573454,15.74119974800944,4.13720804205621,High-Capacity Resource-Specialized Economies
04,Arizona,Post_Shock_2023_2024,5,Cluster_5,0.25391172484766544,1.0194915986861208,58268.33415035723,51220.433082495336,98685.62684143144,55611.14576091767,6.092327639735346,14.764182686126674,14.83147881100192,1.1397400485430849,Professional-Service Low-Healthcare Economies
05,Arkansas,Post_Shock_2023_2024,6,Cluster_6,0.31047894816753463,0.9512949322965001,46925.5720645662,45860.85375855904,80497.69763485903,46050.76623720397,12.62031673916028,12.5639600412278,16.37734848978441,1.2034719488056993,Lower-Capacity Manufacturing-Intensive Economies
06,California,Post_Shock_2023_2024,4,Cluster_4,0.40870172702397733,1.1307549352340713,82890.33075456198,66421.82386427777,128050.08438572793,71798.45868962258,7.123393312455049,15.485083856922415,16.26512080704643,2.360648661729573,Very-High-Capacity Service-Healthcare Economies
08,Colorado,Post_Shock_2023_2024,0,Cluster_0,0.3480913023151633,1.316494315438903,74705.00686682828,64468.80916680817,104376.86409581629,62982.48498508197,5.203773407835138,17.142627204461917,13.286305062136284,1.3687044953666867,High-Capacity Professional-Service Economies
09,Connecticut,Post_Shock_2023_2024,4,Cluster_4,0.43635020622026766,1.2236754129923453,77829.57227203695,73461.07662985564,117382.49393034344,66861.38505301473,9.371946400485932,13.311058886984709,18.238819486693597,0.3421751431541431,Very-High-Capacity Service-Healthcare Economies
10,Delaware,Post_Shock_2023_2024,0,Cluster_0,0.1800640147351848,1.6117556463649751,80282.21500483397,52644.45181577472,124586.04978025117,55727.82676008891,5.651219635142305,13.812265051897151,17.125898185888513,0.2720457228487913,High-Capacity Professional-Service Economies
12,Florida,Post_Shock_2023_2024,5,Cluster_5,0.2701911904835534,1.204710025096756,57614.2696587586,56803.533784044506,88969.53280135005,55430.2551759504,4.348507656761251,16.647137419259554,14.223190121885231,0.6909043662161183,Professional-Service Low-Healthcare Economies
13,Georgia,Post_Shock_2023_2024,5,Cluster_5,0.3592956847761496,0.9848153279380181,61830.74013826781,48703.370866551806,96452.60430845676,56052.80095295976,8.802411114050514,15.701397918876667,12.98203432068386,0.5979752898952352,Professional-Service Low-Healthcare Economies
15,Hawaii,Post_Shock_2023_2024,5,Cluster_5,0.406620760277124,0.9831531638987588,63249.61564610436,55142.98076430724,98297.8338534262,53286.89448761502,2.0320243944107297,11.887513609356429,12.824820690971553,0.4874301910811641,Professional-Service Low-Healthcare Economies
16,Idaho,Post_Shock_2023_2024,1,Cluster_1,0.29262313782288085,1.1586272020491877,49059.26795465434,48178.926726825775,79600.59243349048,46715.6931275876,8.744167170749584,12.774852020197548,14.582778889299613,3.250586320217269,Lower-Capacity Resource-Healthcare Economies
17,Illinois,Post_Shock_2023_2024,0,Cluster_0,0.4178516295494921,0.9206043920869053,70415.06317260358,58017.43420391285,108871.18879644248,61325.45435247547,9.626669989134069,15.630891673833784,14.272046180643056,0.4411240551557137,High-Capacity Professional-Service Economies
18,Indiana,Post_Shock_2023_2024,6,Cluster_6,0.1921668644220347,1.5283284602004936,58796.51200376155,49684.14305329114,96617.83689011598,49211.22484007691,16.66701700892738,11.40545976236128,15.007909220622928,0.691772756539567,Lower-Capacity Manufacturing-Intensive Economies
19,Iowa,Post_Shock_2023_2024,6,Cluster_6,0.1498184053686417,1.8374597126098398,63270.213973466,50814.78589743897,95797.73177701648,47093.05752097651,14.386058332766744,9.39048481067803,14.506601440425896,1.4789962147833269,Lower-Capacity Manufacturing-Intensive Economies
20,Kansas,Post_Shock_2023_2024,2,Cluster_2,0.0870557889312723,1.1223730280586115,61177.68947719189,51338.44862627714,90155.80278988264,48101.9078195437,12.2162855522594,12.466435172867625,15.263999648803136,1.3461103488544148,Balanced Manufacturing-Healthcare Economies
21,Kentucky,Post_Shock_2023_2024,6,Cluster_6,0.37206630504815263,0.45122620252837387,50131.400239774885,45176.13752626907,84277.75035540685,46871.32394947548,12.996783562867956,11.560557706492958,15.561291262129778,0.8685592910712554,Lower-Capacity Manufacturing-Intensive Economies
22,Louisiana,Post_Shock_2023_2024,1,Cluster_1,0.24239659591389956,0.6950320879826719,54917.69324711024,47768.43303860215,89526.31892604387,48643.72737671009,7.337672390677083,11.874812691300534,16.99551237641085,1.9119367431682128,Lower-Capacity Resource-Healthcare Economies
23,Maine,Post_Shock_2023_2024,2,Cluster_2,0.058140413251370135,1.2930774796627162,54535.51878887521,53146.90944523885,85332.26682241773,50024.11166486179,9.161040565117112,12.333041828531886,17.688929497516625,1.4084503113039992,Balanced Manufacturing-Healthcare Economies
24,Maryland,Post_Shock_2023_2024,0,Cluster_0,0.4945966677374042,0.942336663864383,68563.5064198307,61473.78358764994,106159.00678252052,62639.71009846917,4.146545200047196,17.825238827467025,14.720006523462928,0.2735723745129484,High-Capacity Professional-Service Economies
25,Massachusetts,Post_Shock_2023_2024,4,Cluster_4,0.501341252792144,1.1862707529377896,87498.70184604579,72704.5655301433,123034.89359624503,72872.78233174881,6.4324599317707145,17.4551942529913,18.161196396485916,0.3765147534733324,Very-High-Capacity Service-Healthcare Economies
26,Michigan,Post_Shock_2023_2024,2,Cluster_2,0.17170031516097725,1.0660457303533286,55387.29623777744,49654.37920022769,93688.78117071195,53024.56047567102,13.81333699131954,14.823680880708956,15.303096555968208,0.9405439653142988,Balanced Manufacturing-Healthcare Economies
27,Minnesota,Post_Shock_2023_2024,2,Cluster_2,0.3186900955239726,1.5345247194376044,68317.38834361616,58748.60981317246,101067.57251038922,57054.536243069466,11.070812283000128,13.119826049929172,17.889000542523533,1.0007028570292693,Balanced Manufacturing-Healthcare Economies
28,Mississippi,Post_Shock_2023_2024,6,Cluster_6,0.20746534688181562,1.8924435232961163,41215.59265189869,40276.29065497818,71133.09691009627,40739.63493840171,12.31075595869158,10.476825827034478,15.99582972403353,1.2390533662032228,Lower-Capacity Manufacturing-Intensive Economies
29,Missouri,Post_Shock_2023_2024,2,Cluster_2,0.38172068394832676,0.750911259342666,56242.397135047926,50494.02989672641,87591.59586952432,51066.10662736352,9.901655056702236,13.210623448224634,17.001227364551227,0.6760269727405985,Balanced Manufacturing-Healthcare Economies
30,Montana,Post_Shock_2023_2024,1,Cluster_1,0.39681603364107215,1.125679836779722,52555.868314138745,53680.64161949433,78153.69531388144,46584.08630390933,4.238784082234549,10.34620424213509,15.172242634352736,2.6206447021915507,Lower-Capacity Resource-Healthcare Economies
31,Nebraska,Post_Shock_2023_2024,2,Cluster_2,0.2101134886187001,1.7886223177717115,73927.958579625,57164.51434133334,105360.64244441256,49048.73472713828,10.32455075294524,12.373872670914745,14.98815803922141,1.6320844765160016,Balanced Manufacturing-Healthcare Economies
32,Nevada,Post_Shock_2023_2024,5,Cluster_5,0.44297656055445506,1.3213410562731487,63188.16004284417,54245.64230040578,95573.74801422344,52783.73611259761,4.303555055960265,14.16001482587582,10.699001370332368,1.2967172218356562,Professional-Service Low-Healthcare Economies
33,New Hampshire,Post_Shock_2023_2024,0,Cluster_0,0.249281114780681,1.2748581064190292,67105.53789485645,64414.064307616994,99649.79447332551,59439.129009025215,10.129758422615144,14.526223677695782,14.669077055634911,0.3869050736397306,High-Capacity Professional-Service Economies
34,New Jersey,Post_Shock_2023_2024,0,Cluster_0,0.3392081269053145,1.0557625963451631,70797.14069196672,65909.76541999743,110369.6309907177,64707.85944004377,5.971235523667488,16.84264880246053,15.843092467502975,0.3124381332710807,High-Capacity Professional-Service Economies
35,New Mexico,Post_Shock_2023_2024,1,Cluster_1,0.24012346789635353,1.7944234227000002,54896.12410970144,45121.43327607097,99095.79195867263,48269.33827230012,3.3229792056497574,14.398818201725213,17.155173599016862,3.8548714244062223,Lower-Capacity Resource-Healthcare Economies
36,New York,Post_Shock_2023_2024,4,Cluster_4,0.5147409523413004,1.6296024039240253,91316.50671418336,66075.14631622887,137136.94397730724,73622.12684304293,4.328483150625828,14.579474294452329,19.721942144484352,0.3538955649788637,Very-High-Capacity Service-Healthcare Economies
37,North Carolina,Post_Shock_2023_2024,5,Cluster_5,0.11130207176330072,1.239232505060491,59619.49272821237,50683.13736715795,96057.07201023666,54363.35713247812,9.605771542954042,15.37267036692427,14.001126207542551,0.5852532951855635,Professional-Service Low-Healthcare Economies
38,North Dakota,Post_Shock_2023_2024,3,Cluster_3,0.6016508283785965,0.8241629024734296,79393.50603813169,56995.127618615385,104335.93225274532,50267.87070792106,6.697051922375524,8.466459850348183,16.159323418045723,5.441269532452273,High-Capacity Resource-Specialized Economies
39,Ohio,Post_Shock_2023_2024,2,Cluster_2,0.3933959627124618,0.7208147835378775,60415.26478872413,50101.09764898295,96604.7400451407,52028.65119636255,12.450522561978651,13.584621447197163,16.669530789117076,0.5100394453370425,Balanced Manufacturing-Healthcare Economies
40,Oklahoma,Post_Shock_2023_2024,1,Cluster_1,0.24307902373609241,1.1765771138251078,51146.82916899002,49360.69162329,84742.70045388566,46609.91731255315,8.412577236930833,12.667954060252091,14.51789343526264,2.4137712174981445,Lower-Capacity Resource-Healthcare Economies
41,Oregon,Post_Shock_2023_2024,2,Cluster_2,0.19677802113298642,1.4459231574194074,61223.66774969868,54874.34607795453,96711.22708118582,56316.01350527116,9.43471775620026,13.543319062528456,15.917731781983823,2.942120869702012,Balanced Manufacturing-Healthcare Economies
42,Pennsylvania,Post_Shock_2023_2024,2,Cluster_2,0.4105643107188205,1.4492702655233474,61144.50064320445,55076.02636448125,98178.24761154388,55066.298787289066,9.435747447432709,14.128598267617305,18.883820367723647,0.8200999546674628,Balanced Manufacturing-Healthcare Economies
44,Rhode Island,Post_Shock_2023_2024,2,Cluster_2,0.42794686819854705,1.1961801897288835,56780.208416233385,54953.84421106635,91575.52731796028,53712.59111985864,8.162557210726241,14.137096560055769,17.582018231677317,0.2636379123367585,Balanced Manufacturing-Healthcare Economies
45,South Carolina,Post_Shock_2023_2024,6,Cluster_6,0.25019513438784907,1.2101854256122013,49995.46917887595,46918.58942970366,85412.98788517607,48160.943850395575,11.636300219041228,13.843067024536596,13.671482566495618,0.5409115099647199,Lower-Capacity Manufacturing-Intensive Economies
46,South Dakota,Post_Shock_2023_2024,1,Cluster_1,0.09424593229373247,1.8883472286043124,62320.33325534706,59343.66902585044,87055.96152311636,44790.54527388376,9.919651086874882,8.389552101447443,16.803151429610182,1.8626488273181503,Lower-Capacity Resource-Healthcare Economies
47,Tennessee,Post_Shock_2023_2024,2,Cluster_2,0.12109675673795406,1.350609876444327,60289.92486419928,51415.2875460903,93459.9656444054,52025.03442762319,11.172035031537732,14.128679016507082,13.929202292357346,0.3742550259236477,Balanced Manufacturing-Healthcare Economies
48,Texas,Post_Shock_2023_2024,5,Cluster_5,0.05758865626918181,1.5343697751662624,70264.73609399464,54415.703981261184,106999.32697304618,58209.14710989852,6.99872648438142,15.496473280752967,13.499426079521491,1.9794076544483332,Professional-Service Low-Healthcare Economies
49,Utah,Post_Shock_2023_2024,5,Cluster_5,0.396072506199519,1.0362766447154719,66250.36208116793,52228.0788890924,95009.90826322675,52467.043559032216,8.934986372096322,14.593398252551737,11.986970797084428,1.0053663405085955,Professional-Service Low-Healthcare Economies
50,Vermont,Post_Shock_2023_2024,1,Cluster_1,-0.004713461122751776,1.217756495597334,55553.089032386895,55297.415872537815,81204.57904008552,49546.72448517277,9.079146361073883,11.1444658219682,17.42207484965467,1.3746165737386524,Lower-Capacity Resource-Healthcare Economies
51,Virginia,Post_Shock_2023_2024,0,Cluster_0,0.3949938255135332,1.3498109490107413,69106.09588782459,59922.09910590213,105558.52684326704,61452.6575084782,6.235326084890495,20.129218091850344,13.296435574695437,0.4523926132989944,High-Capacity Professional-Service Economies
53,Washington,Post_Shock_2023_2024,4,Cluster_4,0.3236692398654146,2.0435015526930207,87087.64039278617,66103.1821739314,140508.01499705337,72185.33335400617,7.965123478985137,15.135657401179063,14.448095920533635,2.706102475933532,Very-High-Capacity Service-Healthcare Economies
54,West Virginia,Post_Shock_2023_2024,1,Cluster_1,0.31954784328789815,2.2897650254086734,46102.07767226488,42966.47324626801,89671.56260958407,44730.26249693644,6.665374712454634,10.796281922851543,20.948546559591293,3.2255187705755093,Lower-Capacity Resource-Healthcare Economies
55,Wisconsin,Post_Shock_2023_2024,6,Cluster_6,0.17342494965428396,1.4433174048125865,59009.581340659366,52583.244406547645,90984.9431976078,49969.52100572369,16.032070415950617,11.30925038746364,15.121195465055164,1.0986687214936826,Lower-Capacity Manufacturing-Intensive Economies
56,Wyoming,Post_Shock_2023_2024,3,Cluster_3,0.5856930710196483,1.2221627761325151,67974.27922660334,67261.83179553691,88779.69488808211,49036.96691925649,3.716289745922705,7.924858904259452,13.176090331394445,6.895395117526441,High-Capacity Resource-Specialized Economies
