state_fips,state,year,real_gdp_per_capita,real_personal_income_per_capita_2017,total_employment_jobs,real_average_wages_salaries_2017,real_gdp_per_capita_growth,real_income_per_capita_growth,total_employment_growth,real_average_wage_growth,period
01,Alabama,2015,42563.20356752262,39494.58342650527,2587641.0,45138.14418375053,,,,,Baseline_2015_2019
01,Alabama,2016,43163.21405375439,39528.53241780448,2619761.0,45144.68061348211,1.4096929646752354,0.08595860078481898,1.2412850159662758,0.014480944774697413,Baseline_2015_2019
01,Alabama,2017,43733.35384575627,39968.0,2649222.0,45355.0,1.32089281231893,1.1117730796339265,1.1245682335144336,0.46587855680848556,Baseline_2015_2019
01,Alabama,2018,44365.05844381293,40338.73559876865,2692424.0,45625.60502096716,1.4444458119645454,0.9275810617710434,1.6307429124475137,0.5966376826527675,Baseline_2015_2019
01,Alabama,2019,45020.54247810355,41225.82115881826,2712014.0,46232.594452723766,1.4774781264421666,2.1990911387829604,0.7275971392321612,1.3303701539468138,Baseline_2015_2019
01,Alabama,2020,44312.97116886637,43446.33636128295,2670980.0,48713.16165077992,-1.571663223696873,5.386224312938204,-1.5130452866393806,5.365407733266436,Shock_2020_2022
01,Alabama,2021,46326.41842925368,45799.99852382182,2769117.0,48587.98184300845,4.543697268040403,5.417400774524994,3.674194490411753,-0.2569732768915145,Shock_2020_2022
01,Alabama,2022,47243.02463644909,43294.16138456545,2857149.0,47416.69692983206,1.978582066721124,-5.471260305724723,3.1790639398768583,-2.410647383875497,Shock_2020_2022
01,Alabama,2023,48519.14378107995,43931.45827726763,2931413.0,47590.93829380838,2.7011800248841533,1.4720157922480936,2.599234411646023,0.3674683713928095,Post_Shock_2023_2024
01,Alabama,2024,49511.26803801238,44736.55474052326,2969241.0,47990.34967754687,2.044809903095013,1.832619482318032,1.2904357045561365,0.8392593171260287,Post_Shock_2023_2024
02,Alaska,2015,72628.39593029549,58652.90540340988,461707.0,59713.981697515366,,,,,Baseline_2015_2019
02,Alaska,2016,71918.36932352431,56719.113692517305,457142.0,58060.08524751361,-0.977615707570656,-3.2970092403643347,-0.9887222849122912,-2.769697151296424,Baseline_2015_2019
02,Alaska,2017,72177.15250755793,56500.0,455550.0,57130.0,0.35982904850009323,-0.3863136749723384,-0.3482506529699725,-1.6019357249452915,Baseline_2015_2019
02,Alaska,2018,71138.52326795082,57590.368408686336,454776.0,57726.05431150864,-1.4390000208145515,1.9298555905952863,-0.16990451103062743,1.0433297943438502,Baseline_2015_2019
02,Alaska,2019,71279.36093192891,58010.30474424717,454794.0,58405.324008339296,0.19797664824670047,0.72917806772963,0.003957992506209429,1.176712499983279,Baseline_2015_2019
02,Alaska,2020,69451.33482329248,58636.879576215855,430889.0,61565.31399360924,-2.5645938526050793,1.0801095335235544,-5.256225895680244,5.410448514623001,Shock_2020_2022
02,Alaska,2021,70466.51873834383,59511.955419419115,443016.0,60000.44049156732,1.4617198037076173,1.4923642757385114,2.8144139209866026,-2.541810315796267,Shock_2020_2022
02,Alaska,2022,68845.47180638417,57987.70894056142,454025.0,57976.820488288264,-2.30044986042085,-2.561244153574438,2.485011828015238,-3.3726752448816844,Shock_2020_2022
02,Alaska,2023,73754.17543496666,58388.375265013034,467104.0,58326.4319892879,7.130031213072896,0.6909504303098224,2.8806783767413746,0.6030194447628645,Post_Shock_2023_2024
02,Alaska,2024,75957.75908067076,59860.76247493536,474188.0,59096.54262661425,2.98774087393483,2.521712932136677,1.5165787490580174,1.3203458724644568,Post_Shock_2023_2024
04,Arizona,2015,46018.62292257808,41251.66785504837,3547647.0,50519.021336022306,,,,,Baseline_2015_2019
04,Arizona,2016,46959.42076858918,42050.130871182926,3644791.0,50556.56810009708,2.0443850473185643,1.9355896564963837,2.738265672993956,0.07432203372474966,Baseline_2015_2019
04,Arizona,2017,48469.23482112456,43255.0,3740747.0,51233.0,3.2151462429138133,2.865316002245244,2.6326886781711245,1.337970367299568,Baseline_2015_2019
04,Arizona,2018,49739.1410479158,44217.00964130829,3854741.0,51778.32621153532,2.620025324265618,2.22404263393432,3.0473592573889707,1.064404215125636,Baseline_2015_2019
04,Arizona,2019,50876.09185172818,45751.28457268919,3929587.0,52683.29738673301,2.285827177266908,3.469874927832195,1.9416609313051225,1.7477798944301792,Baseline_2015_2019
04,Arizona,2020,51009.60155688738,49324.988505125366,3919887.0,56392.25164309091,0.26242130694371646,7.811155393371116,-0.24684527916037924,7.0400951351460295,Shock_2020_2022
04,Arizona,2021,54503.20331722945,51720.618518655196,4085773.0,57022.49075543418,6.848910114394657,4.85682832603378,4.231907705502724,1.1175987728457404,Shock_2020_2022
04,Arizona,2022,56145.88202410698,49517.33064529908,4250495.0,55260.570432762135,3.0139122233174387,-4.259979745913922,4.031599406036501,-3.089869101349507,Shock_2020_2022
04,Arizona,2023,57385.91127596308,50848.99370532521,4404247.0,55128.7109372436,2.208584507272815,2.689286846993122,3.617272811754857,-0.23861406873997293,Post_Shock_2023_2024
04,Arizona,2024,59150.75702475139,51591.872459665465,4457506.0,56093.58058459174,3.0753990126624275,1.4609507488885898,1.2092646030070542,1.75021260418462,Post_Shock_2023_2024
05,Arkansas,2015,40917.14053888446,40609.43746651084,1610799.0,42872.23954399895,,,,,Baseline_2015_2019
05,Arkansas,2016,41280.29928115485,41036.99775423217,1629734.0,43032.62488177428,0.8875467285532013,1.0528594198674357,1.1755035854877027,0.3741006755915599,Baseline_2015_2019
05,Arkansas,2017,41422.58239035517,41403.0,1639903.0,43569.0,0.344675575705633,0.8918835826143834,0.6239668559409051,1.246438300473951,Baseline_2015_2019
05,Arkansas,2018,42163.155884084954,42005.03657803247,1658212.0,43546.38938779086,1.787849648654971,1.4540892641414116,1.1164684740499808,-0.05189610091840269,Baseline_2015_2019
05,Arkansas,2019,42347.295758013934,41934.36299416797,1663305.0,44111.76286978256,0.43673171532798705,-0.1682502614495096,0.30713804989952465,1.298324591177713,Baseline_2015_2019
05,Arkansas,2020,42594.09587118361,44637.78865658724,1639041.0,46633.32918616288,0.5828001735458388,6.446802739784685,-1.4587823640282438,5.716312730062412,Shock_2020_2022
05,Arkansas,2021,45467.137652302,48259.6113222866,1684580.0,47409.28545595453,6.745164376319357,8.11380396453596,2.7783929749164216,1.6639521203686503,Shock_2020_2022
05,Arkansas,2022,45504.58763764472,44989.40964617041,1744586.0,45979.42122977568,0.08236714971834314,-6.776270232010728,3.5620748198363916,-3.016000372980221,Shock_2020_2022
05,Arkansas,2023,46245.81739338914,45484.0624610275,1789021.0,45649.78083504539,1.628912147598971,1.0994872321006266,2.5470226174003407,-0.7169302829693303,Post_Shock_2023_2024
05,Arkansas,2024,47605.32673574326,46237.64505609059,1805358.0,46451.75163936255,2.939745514258041,1.6568058222784954,0.9131810079367364,1.756790042903078,Post_Shock_2023_2024
06,California,2015,65336.91291481735,55655.8302569014,22687175.0,64244.75678959737,,,,,Baseline_2015_2019
06,California,2016,66890.82740068788,57052.05864828943,23177961.0,64812.944289124905,2.37831023313948,2.508683070476514,2.1632750661992883,0.8844106942273333,Baseline_2015_2019
06,California,2017,69514.21476822108,58214.0,23548874.0,66460.0,3.9218940316265494,2.0366335225055154,1.6002831310312438,2.541245007367232,Baseline_2015_2019
06,California,2018,72110.888022841,59529.99350874329,24077466.0,67282.63696352551,3.735456500915557,2.2606134413427847,2.2446593412491778,1.2377926023555696,Baseline_2015_2019
06,California,2019,75088.73711549726,61572.18961342736,24224461.0,68823.47770645826,4.12954156342249,3.4305330545418844,0.6105085975409485,2.290101596000249,Baseline_2015_2019
06,California,2020,74141.59166124264,66382.2665960875,23156746.0,75458.3296691408,-1.2613682033269291,7.812093435136136,-4.407590327809563,9.640390436212943,Shock_2020_2022
06,California,2021,80482.16931520854,69756.5729047496,23932245.0,77888.04015204635,8.551984806229118,5.0831441613669925,3.348911803065935,3.2199367433111803,Shock_2020_2022
06,California,2022,80439.19457123282,64685.78223505493,24941794.0,71321.87510891665,-0.05339660242930089,-7.269265760258426,4.218363133086767,-8.430260962160297,Shock_2020_2022
06,California,2023,81773.35589116206,65346.938057511936,25260641.0,71056.98183799254,1.658596070038687,1.0221037755321571,1.2783643389886024,-0.3714053654921168,Post_Shock_2023_2024
06,California,2024,84007.30561796189,67496.7096710436,25583169.0,72539.93554125263,2.7318797210342582,3.289781705823236,1.2768005372468583,2.086992248898456,Post_Shock_2023_2024
08,Colorado,2015,60742.26144051257,53158.267634811,3574253.0,56776.8894214339,,,,,Baseline_2015_2019
08,Colorado,2016,61080.68901023965,52405.12751711409,3666709.0,56657.83547979851,0.5571533915616822,-1.416788302566352,2.5867223165231934,-0.20968732674258028,Baseline_2015_2019
08,Colorado,2017,62541.4156458412,54176.0,3760708.0,57726.0,2.3914704618945626,3.3791969732495986,2.5635794932185707,1.885290024152697,Baseline_2015_2019
08,Colorado,2018,64331.47352137198,56419.955477147196,3857981.0,58401.55535289737,2.8621959657381346,4.141973340865324,2.5865608284397545,1.1702791686542868,Baseline_2015_2019
08,Colorado,2019,66900.13611011687,58752.40404135228,3894321.0,60034.29908040851,3.9928552046791577,4.134084375784086,0.9419434673213711,2.795719596242119,Baseline_2015_2019
08,Colorado,2020,65759.86720289178,61284.02517667333,3821182.0,63805.206424765565,-1.7044343607137469,4.308966035737338,-1.8780937678224308,6.2812548861549855,Shock_2020_2022
08,Colorado,2021,69880.20022124503,65062.593202199496,3987514.0,64471.88810569435,6.265725880559647,6.16566554600988,4.35289394747489,1.044870345674509,Shock_2020_2022
08,Colorado,2022,72193.82730075315,64202.50246877724,4108115.0,63004.77271873025,3.3108478112298334,-1.321943517912505,3.024465870213877,-2.2755892995702687,Shock_2020_2022
08,Colorado,2023,74459.96779562399,64373.54372468839,4250108.0,62649.589960026526,3.138967110623314,0.2664090173032374,3.456402754061161,-0.563739449214995,Post_Shock_2023_2024
08,Colorado,2024,74950.04593803258,64564.07460892795,4267582.0,63315.38001013742,0.6581766779079734,0.2959770011332852,0.4111424933201713,1.0627205230484327,Post_Shock_2023_2024
09,Connecticut,2015,74440.17552024688,68485.95940375584,2288144.0,66787.82365821861,,,,,Baseline_2015_2019
09,Connecticut,2016,74341.71172414787,68990.07578945614,2301331.0,66341.83569645886,-0.13227238572567357,0.7360872069095192,0.576318623303429,-0.6677683705372028,Baseline_2015_2019
09,Connecticut,2017,75917.20142478967,69147.0,2300273.0,65784.0,2.119254001693971,0.22745910733996677,-0.04597339539597067,-0.8408505592326199,Baseline_2015_2019
09,Connecticut,2018,76035.83156869863,70438.55440111188,2314465.0,65247.34842119097,0.1562625356079428,1.867838664167465,0.616970246575077,-0.8157782725420004,Baseline_2015_2019
09,Connecticut,2019,76300.3193949322,71118.80809052754,2297925.0,65963.4231802767,0.3478462992735354,0.9657405595548729,-0.7146359957916792,1.0974771793993199,Baseline_2015_2019
09,Connecticut,2020,73118.2131849461,72767.61745057204,2217480.0,69872.33154695899,-4.17050182125116,2.318387223174101,-3.500766996311888,5.925872518773501,Shock_2020_2022
09,Connecticut,2021,75054.72224493558,74291.3426578588,2289367.0,69112.49629110233,2.648463324850736,2.0939605564546104,3.2418330717751687,-1.087462288768759,Shock_2020_2022
09,Connecticut,2022,77195.6668500655,71522.89268934411,2353654.0,67020.09888776888,2.8525115290455982,-3.7264772306842,2.8080687805843274,-3.0275239871531467,Shock_2020_2022
09,Connecticut,2023,77780.77420882092,72623.26180989952,2420056.0,66357.3374641453,0.7579536295629685,1.5384852026816054,2.8212303082781,-0.9888995012278912,Post_Shock_2023_2024
09,Connecticut,2024,77878.37033525298,74298.89144981175,2430624.0,67365.43264188415,0.12547589995703934,2.307290526688832,0.43668410978918715,1.5191917220662488,Post_Shock_2023_2024
10,Delaware,2015,80671.01647479243,48852.945400540884,568832.0,55157.351919904475,,,,,Baseline_2015_2019
10,Delaware,2016,75477.83865221067,49212.53263446483,578605.0,54303.73080785144,-6.43747661739763,0.7360604994759656,1.7180819644464496,-1.5476107578416776,Baseline_2015_2019
10,Delaware,2017,72332.89378995927,49997.0,584693.0,55301.0,-4.1667129297949135,1.5940398177877846,1.0521858608204315,1.836465335461579,Baseline_2015_2019
10,Delaware,2018,72961.18424304332,51414.21943633591,597021.0,55006.47930961702,0.8686095912441738,2.8346089492087723,2.1084569167067135,-0.5325775128532606,Baseline_2015_2019
10,Delaware,2019,76046.8339209652,51561.5193794811,602769.0,55600.87899020954,4.229166110631066,0.28649650769780877,0.962780203711433,1.0805993912949896,Baseline_2015_2019
10,Delaware,2020,73323.45320549658,52583.01385953457,592176.0,58532.69853290626,-3.5811888214820398,1.981117880827954,-1.7573896467801053,5.272973370102596,Shock_2020_2022
10,Delaware,2021,74821.66485927193,54157.61626748348,619925.0,58202.09174447355,2.04329118212212,2.994507717178707,4.685937964388964,-0.5648241012616961,Shock_2020_2022
10,Delaware,2022,79499.6270627936,53677.55698689584,642859.0,56633.35299243137,6.252149310390509,-0.8864113926592254,3.699479775779335,-2.6953305371385405,Shock_2020_2022
10,Delaware,2023,79287.76051476113,52014.65353033456,669568.0,55364.41716824964,-0.26650005271738886,-3.097949217337226,4.1547213308050335,-2.2406157451975606,Post_Shock_2023_2024
10,Delaware,2024,81276.66949490679,53274.25010121489,674338.0,56091.23635192818,2.5084691095233813,2.421618688944549,0.7123996367807361,1.3127911768126665,Post_Shock_2023_2024
12,Florida,2015,46966.79243225761,46493.96389288532,11367164.0,49348.321175274345,,,,,Baseline_2015_2019
12,Florida,2016,47677.745503646656,46704.21112717546,11682273.0,49614.926231318255,1.5137356301571758,0.45220328981741,2.772098651871313,0.5402515216211379,Baseline_2015_2019
12,Florida,2017,48631.90570785834,48447.0,12098388.0,50050.0,2.0012695527700908,3.731545466165631,3.561935250100734,0.8769009685781093,Baseline_2015_2019
12,Florida,2018,49710.13215020968,49798.67865093367,12556216.0,50440.01417722326,2.217117397842605,2.7900151731452327,3.784206623229469,0.7792491053411732,Baseline_2015_2019
12,Florida,2019,50807.738562434315,51454.13550186383,12760885.0,51221.1508388192,2.2080134667676665,3.324298748033394,1.630021337638654,1.548644809756361,Baseline_2015_2019
12,Florida,2020,49671.87516282582,53604.93518436234,12719408.0,54495.209554462526,-2.2356110146738994,4.180032686431212,-0.32503231554864565,6.392005376735899,Shock_2020_2022
12,Florida,2021,53701.12734077286,56631.702697715606,13456896.0,56151.35904343654,8.11173760752748,5.646434424262181,5.7981314853647214,3.0390735305253935,Shock_2020_2022
12,Florida,2022,55587.0532460777,54716.98539235619,14219768.0,55072.11645111138,3.5118925778545806,-3.3809990061214434,5.669004204238481,-1.9220239914234272,Shock_2020_2022
12,Florida,2023,57105.762910323094,56298.393052884465,14959611.0,54992.75751389883,2.7321283924194306,2.8901586028333925,5.202918922446553,-0.1441000316067309,Post_Shock_2023_2024
12,Florida,2024,58122.7764071941,57308.67451520455,14957046.0,55867.752838001965,1.7809297083870357,1.7945120766965195,-0.01714616777134248,1.5911101091484303,Post_Shock_2023_2024
13,Georgia,2015,52993.834719138074,42946.70103832214,5832928.0,52248.18270419421,,,,,Baseline_2015_2019
13,Georgia,2016,54437.26283202547,43652.556133779435,5973764.0,52708.454670072126,2.7237661145629977,1.643560688927992,2.4144992017731015,0.8809339235467117,Baseline_2015_2019
13,Georgia,2017,55954.69070714769,44836.0,6128089.0,53121.0,2.787480112298213,2.7110528478417883,2.583379591158952,0.7826928953053036,Baseline_2015_2019
13,Georgia,2018,57053.42936440415,45512.37074235286,6287460.0,53289.418136491615,1.963622072378124,1.5085438985477317,2.600663926388802,0.3170462462898094,Baseline_2015_2019
13,Georgia,2019,58323.6768449953,46528.85890079286,6398769.0,53847.26191733455,2.2264174033746365,2.2334326730514054,1.770333330152396,1.0468190502927133,Baseline_2015_2019
13,Georgia,2020,56202.85681142352,48772.8289755845,6326540.0,56552.3116096302,-3.6362934374117195,4.822748994502857,-1.128795241709768,5.0235603371038495,Shock_2020_2022
13,Georgia,2021,59644.78212714529,50890.19389600324,6638744.0,57326.43702254861,6.124110963381102,4.341279693820277,4.934830096703724,1.3688660832505972,Shock_2020_2022
13,Georgia,2022,61309.02932042402,48080.892518494475,6939403.0,56128.29632160736,2.7902645192517284,-5.520319657751194,4.528853650630293,-2.0900316907362937,Shock_2020_2022
13,Georgia,2023,61412.466334630946,48275.532159290065,7094400.0,55630.692808055086,0.16871416062766986,0.4048170293858844,2.2335783063759163,-0.8865466193755056,Post_Shock_2023_2024
13,Georgia,2024,62249.01394190468,49131.209573813554,7180379.0,56474.90909786444,1.3621788167820226,1.7724867572668002,1.2119277176364518,1.5175368977017545,Post_Shock_2023_2024
15,Hawaii,2015,57974.68564459796,48761.936907479205,901126.0,50035.02162292156,,,,,Baseline_2015_2019
15,Hawaii,2016,58806.602892884206,49595.5214639573,914921.0,50808.83007578946,1.4349663806478397,1.7094984517529221,1.5308624986960728,1.546533663359928,Baseline_2015_2019
15,Hawaii,2017,59963.47454087717,50506.0,921135.0,51070.0,1.9672478787801984,1.835807970492609,0.6791843230180561,0.5140246760670486,Baseline_2015_2019
15,Hawaii,2018,60848.30800738374,50324.827583460436,924352.0,50982.75778851247,1.4756207395943743,-0.3587146409130937,0.3492430534069335,-0.17082868902982273,Baseline_2015_2019
15,Hawaii,2019,60987.42366722652,51716.84248817752,913949.0,51822.30879655163,0.22862699785488605,2.7660599579969247,-1.1254370629370625,1.6467351796107144,Baseline_2015_2019
15,Hawaii,2020,54920.51022306754,54013.135454057214,817466.0,55600.47571393797,-9.94781067857966,4.440125992619581,-10.556715965551689,7.290618664287973,Shock_2020_2022
15,Hawaii,2021,58422.47162744858,55424.05904712698,860689.0,54848.73218437465,6.376418190867716,2.612186056611887,5.287437031020259,-1.3520451397412758,Shock_2020_2022
15,Hawaii,2022,60850.236331314525,53015.036544736984,895965.0,52483.17752985598,4.155532342670187,-4.346528464004429,4.098576837858969,-4.312870252983836,Shock_2020_2022
15,Hawaii,2023,62470.60873201157,54358.04005224777,918356.0,52786.93333158299,2.6628859613206934,2.5332501777632244,2.4990931565407104,0.5787679329328332,Post_Shock_2023_2024
15,Hawaii,2024,64028.62256019714,55927.92147636672,928210.0,53786.855643647046,2.4939949518807847,2.8880390510953147,1.0730043686761892,1.8942610395322745,Post_Shock_2023_2024
16,Idaho,2015,40752.75720817718,40139.91637730627,949392.0,40978.64237586333,,,,,Baseline_2015_2019
16,Idaho,2016,41507.74294632056,40497.74948230677,976719.0,41373.00662064023,1.8526003879607345,0.8914645004163724,2.8783684716113145,0.9623653247458064,Baseline_2015_2019
16,Idaho,2017,42040.2354503576,41197.0,1007831.0,42125.0,1.2828751125438798,1.7266404346709008,3.1853583272159147,1.8175942257592892,Baseline_2015_2019
16,Idaho,2018,43888.47598350765,42222.71971709272,1041387.0,42656.133680064675,4.396361041632391,2.4897922593701383,3.3295264781496137,1.2608514660289005,Baseline_2015_2019
16,Idaho,2019,44871.31562095978,43989.038438219955,1063420.0,42895.06518499395,2.2394025206559087,4.18333715346193,2.1157360328100783,0.5601339932056248,Baseline_2015_2019
16,Idaho,2020,44725.21910661602,47095.5141783,1077556.0,46001.61322354923,-0.32558999512711795,7.061931450133674,1.32929604483647,7.242203794673441,Shock_2020_2022
16,Idaho,2021,46699.19757671844,50298.58419751263,1136875.0,46878.28409048972,4.413569144059082,6.801221040046523,5.504957514969067,1.9057393980515869,Shock_2020_2022
16,Idaho,2022,47758.538429430286,47803.65577215493,1179749.0,46123.483829082026,2.268434807624975,-4.960235889663622,3.771214953271018,-1.6101277511580636,Shock_2020_2022
16,Idaho,2023,48356.582121160296,47640.01023951271,1217054.0,46027.87615440661,1.2522236052380453,-0.3423284893151246,3.162113296980973,-0.20728632518243195,Post_Shock_2023_2024
16,Idaho,2024,49761.95378814837,48717.84321413884,1230617.0,47403.510100768595,2.906267575873822,2.262453280776522,1.1144123432485387,2.988697418380215,Post_Shock_2023_2024
17,Illinois,2015,63674.91288741668,52420.89200352717,7748859.0,58992.11887754886,,,,,Baseline_2015_2019
17,Illinois,2016,63839.68820700565,52440.87314120005,7804672.0,58836.275941951695,0.258775885379392,0.03811674488776173,0.7202737848243101,-0.2641758569829511,Baseline_2015_2019
17,Illinois,2017,64445.84316794675,53056.0,7823072.0,59216.0,0.9494954909171627,1.172991260354661,0.23575622396432294,0.6453910482419722,Baseline_2015_2019
17,Illinois,2018,66073.63767873372,54739.988291843714,7880803.0,59783.79447805119,2.5258332124616922,3.173982757546212,0.7379581831791882,0.9588531445068771,Baseline_2015_2019
17,Illinois,2019,66774.7621686237,55358.30648094908,7859167.0,60256.73711261573,1.0611259112129012,1.129554843542957,-0.2745405512610821,0.7910883521088152,Baseline_2015_2019
17,Illinois,2020,63358.42526518231,58338.54295219292,7520041.0,63940.64178106804,-5.116209766220125,5.383539816683958,-4.315037458804472,6.11368096743663,Shock_2020_2022
17,Illinois,2021,67471.51972620774,60474.45193194818,7749971.0,64513.49979702549,6.4917877043350725,3.66123127467477,3.0575631170095985,0.8959215922775821,Shock_2020_2022
17,Illinois,2022,69225.75594724549,57047.114178811236,7992113.0,62083.44214177103,2.599965478999522,-5.667414327282739,3.124424594621056,-3.766742872267026,Shock_2020_2022
17,Illinois,2023,70049.71508436889,57769.746965887985,8170725.0,61146.05772197098,1.1902493888998666,1.2667297855097237,2.234853285983318,-1.5098782984027892,Post_Shock_2023_2024
17,Illinois,2024,70780.41126083826,58265.121441937714,8216215.0,61504.85098297995,1.0431108471880446,0.8574980886487893,0.5567437406105435,0.586780692616995,Post_Shock_2023_2024
18,Indiana,2015,51472.176861255786,43586.86305201736,3796439.0,46221.97260112144,,,,,Baseline_2015_2019
18,Indiana,2016,52328.26313890104,44062.09885545005,3847508.0,46335.52054731737,1.663202005139297,1.0903188946300935,1.3451816294164143,0.24565794103121874,Baseline_2015_2019
18,Indiana,2017,53473.5481254126,44568.0,3903424.0,46943.0,2.1886546921526806,1.1481548943222286,1.45330432061479,1.3110448431506772,Baseline_2015_2019
18,Indiana,2018,54826.80539283612,45445.01586972884,3963724.0,47211.86107914156,2.5307040861580754,1.967815180687582,1.544797593087499,0.5727394481425563,Baseline_2015_2019
18,Indiana,2019,54794.02137117562,46280.53368380291,3969443.0,47479.973245403016,-0.0597956080526596,1.8385246392456756,0.14428350712611948,0.5678915427884013,Baseline_2015_2019
18,Indiana,2020,53011.5208628792,49037.06998543339,3843285.0,49995.535583881676,-3.2530930632408417,5.956146315130328,-3.1782292880890295,5.29815449869111,Shock_2020_2022
18,Indiana,2021,56774.30867759978,51914.20334354356,3977987.0,50607.05347455437,7.098056711961709,5.86726196929146,3.5048662797580787,1.223144993909897,Shock_2020_2022
18,Indiana,2022,57513.99804516296,49163.03715979567,4101252.0,49419.33457484069,1.3028593122350385,-5.29944794788042,3.0986777985951175,-2.34694339655811,Shock_2020_2022
18,Indiana,2023,58181.63032290213,49373.617501690176,4193182.0,48707.52617311341,1.1608170192148881,0.4283306200348225,2.241510641140798,-1.4403439622387326,Post_Shock_2023_2024
18,Indiana,2024,59411.39368462097,49994.668604892104,4214670.0,49714.92350704041,2.113662602601152,1.2578602391867921,0.5124509262893984,2.068258055945127,Post_Shock_2023_2024
19,Iowa,2015,59301.918496577186,46995.54479214571,2059821.0,44533.1445423746,,,,,Baseline_2015_2019
19,Iowa,2016,59286.73005870256,46641.91161091135,2066676.0,44855.651710158454,-0.02561205144737677,-0.7524823529515889,0.33279590799395464,0.7241958121259051,Baseline_2015_2019
19,Iowa,2017,59165.24596300943,46767.0,2061826.0,45256.0,-0.20490942167470383,0.2681888129546284,-0.23467635952612032,0.8925258570056105,Baseline_2015_2019
19,Iowa,2018,59669.7818725288,47610.13336944012,2076505.0,45538.72699685791,0.8527572247985171,1.8028382608251903,0.7119417448417042,0.6247282058907455,Baseline_2015_2019
19,Iowa,2019,59195.91891346913,47626.66729250519,2071286.0,45760.87241890502,-0.7941422679774046,0.03472773944315222,-0.25133577814645536,0.48781649531493,Baseline_2015_2019
19,Iowa,2020,58682.841331824544,49890.40744017836,2011185.0,48456.49744408082,-0.8667448551556212,4.753093752645188,-2.901627298209908,5.89067664728824,Shock_2020_2022
19,Iowa,2021,63291.1091681653,52685.82883714064,2056111.0,48207.144407129934,7.852836931127993,5.603124007985216,2.233807431936885,-0.5145915410800006,Shock_2020_2022
19,Iowa,2022,63297.77100400076,51281.25991355009,2093312.0,47124.38386496045,0.010525705621233783,-2.665933049914171,1.8092894790213254,-2.246058246107896,Shock_2020_2022
19,Iowa,2023,62636.43798143489,50487.792006616306,2124703.0,46896.69093081109,-1.0447966999091785,-1.5472862957568,1.4995853460926911,-0.48317434728024633,Post_Shock_2023_2024
19,Iowa,2024,63903.98996549711,51141.77978826162,2132090.0,47289.424111141925,2.0236654971311108,1.2953384484700958,0.3476721217035905,0.8374432663282194,Post_Shock_2023_2024
20,Kansas,2015,54265.72593931029,48190.03126358025,1910992.0,46576.69888657775,,,,,Baseline_2015_2019
20,Kansas,2016,56245.159707862425,47712.237726399646,1916188.0,46382.500510401784,3.647668457924791,-0.9914779564413667,0.2719006672974089,-0.4169431943832569,Baseline_2015_2019
20,Kansas,2017,56798.13953996792,48271.0,1913433.0,46395.0,0.9831598576262701,1.1711089234684557,-0.1437750366874213,0.026948718720798404,Baseline_2015_2019
20,Kansas,2018,57919.78883792294,49083.15514900023,1925926.0,46649.594316367125,1.974799363218116,1.682490830934169,0.6529102403899145,0.5487537802933984,Baseline_2015_2019
20,Kansas,2019,57797.001522962375,50006.37072327376,1923958.0,47186.58515119868,-0.2119954465030327,1.8809214107588401,-0.10218461145443669,1.1511157657444926,Baseline_2015_2019
20,Kansas,2020,56707.23696973121,52307.407644961,1878986.0,49729.40037324534,-1.885503615266626,4.601487547298255,-2.3374730633413,5.3888519669282875,Shock_2020_2022
20,Kansas,2021,57979.983436351424,53549.7237332546,1920129.0,49160.594899804404,2.244416294342777,2.3750289762510812,2.1896384539320746,-1.1438011903858736,Shock_2020_2022
20,Kansas,2022,60508.52372709097,51812.281355179315,1955078.0,47930.96690642566,4.361057283700842,-3.244540320562528,1.8201381261363059,-2.5012471795446856,Shock_2020_2022
20,Kansas,2023,61112.82688798267,51123.31392639366,1998458.0,47827.44898294071,0.9987074938685669,-1.329737681424803,2.2188373047008936,-0.21597295061258626,Post_Shock_2023_2024
20,Kansas,2024,61242.5520664011,51553.583326160624,2015348.0,48376.36665614669,0.21227160487307106,0.8416304944285358,0.8451516118927582,1.1477042679022498,Post_Shock_2023_2024
21,Kentucky,2015,44891.32895477677,40091.30956851196,2473925.0,44623.11884801512,,,,,Baseline_2015_2019
21,Kentucky,2016,45091.57636523317,40156.63409817214,2498703.0,44919.99383351319,0.4460714688534484,0.16293937604743292,1.001566336893811,0.6652941191968686,Baseline_2015_2019
21,Kentucky,2017,45480.736641189826,40403.0,2520120.0,45024.0,0.863044291919457,0.6135123308033341,0.8571246762820506,0.23153646652822601,Baseline_2015_2019
21,Kentucky,2018,45893.969249228154,40664.772228571885,2546178.0,44980.36486438052,0.9085882036133919,0.6479029492163502,1.0339983810294662,-0.09691527989400539,Baseline_2015_2019
21,Kentucky,2019,47082.13108328889,41674.53236171902,2549331.0,45472.27824780859,2.5889280301915063,2.483132396442289,0.12383266213125133,1.0936180373619209,Baseline_2015_2019
21,Kentucky,2020,45827.30275087722,44595.16913886968,2470824.0,47706.393932251725,-2.665190176272747,7.00820527942736,-3.0795138018562485,4.913137785329247,Shock_2020_2022
21,Kentucky,2021,47807.97755630222,46975.0765029339,2556462.0,47538.64353987526,4.322040981098518,5.336693211439947,3.4659692475060844,-0.351630837188599,Shock_2020_2022
21,Kentucky,2022,48801.191178168454,44061.378483196946,2636339.0,46516.30568416737,2.0775060411132307,-6.2026466727626905,3.1245134877811553,-2.1505406540478056,Shock_2020_2022
21,Kentucky,2023,49877.96577239369,44788.20618177761,2707348.0,46691.554108604476,2.206451457904035,1.6495800258674365,2.6934699975989407,0.3767462223397411,Post_Shock_2023_2024
21,Kentucky,2024,50384.83470715608,45564.06887076053,2725882.0,47051.09379034649,1.0162181374343993,1.732292393747592,0.6845813689263514,0.770031515562164,Post_Shock_2023_2024
22,Louisiana,2015,51296.763764438874,43936.418400367904,2696540.0,48432.03112013062,,,,,Baseline_2015_2019
22,Louisiana,2016,50272.19705752292,43029.560971138344,2691337.0,47699.98208385589,-1.9973320570882191,-2.0640221990010144,-0.19295096679448065,-1.511497699650377,Baseline_2015_2019
22,Louisiana,2017,51261.42975005237,43486.0,2692542.0,47743.0,1.967753053238419,1.0607568809912093,0.0447732855454408,0.0901843444479411,Baseline_2015_2019
22,Louisiana,2018,52509.329163198636,44381.00411378416,2725271.0,48114.80683533315,2.4343827693276365,2.0581431122296046,1.215542784476531,0.7787672231178266,Baseline_2015_2019
22,Louisiana,2019,52882.854143942044,45077.25898371646,2717240.0,48402.32405136569,0.7113497481228359,1.5688127923992878,-0.29468628991392576,0.5975649388275439,Baseline_2015_2019
22,Louisiana,2020,48501.497696224,47526.444857444236,2592461.0,50190.63826498874,-8.285022657423912,5.433307013215916,-4.592122889402484,3.6946866677832313,Shock_2020_2022
22,Louisiana,2021,52409.44606300616,49854.424622651946,2693967.0,49750.39539432409,8.05737668403259,4.898282992112057,3.9154301646196377,-0.8771414070096517,Shock_2020_2022
22,Louisiana,2022,52173.14381645994,46315.288103739906,2765554.0,48233.33085031864,-0.4508772068724798,-7.098941660042735,2.6573079774177,-3.0493517327472963,Shock_2020_2022
22,Louisiana,2023,54133.82731974175,47349.600855918245,2801413.0,48475.842232738876,3.7580321212371315,2.23319943484237,1.2966298976624602,0.502787964556739,Post_Shock_2023_2024
22,Louisiana,2024,55701.559174478716,48187.26522128605,2850255.0,48811.61252068131,2.8960299545737866,1.769105441705321,1.7434773094863187,0.6926548822614675,Post_Shock_2023_2024
23,Maine,2015,45339.46014577382,44406.97367699363,816586.0,44384.22155372821,,,,,Baseline_2015_2019
23,Maine,2016,46286.257024588675,45176.34102338682,826729.0,44665.68925073019,2.0882403005477945,1.732537218116681,1.2421226913025718,0.6341616167836905,Baseline_2015_2019
23,Maine,2017,46842.12717739465,45905.0,834280.0,45040.0,1.200939951810498,1.6129216313378825,0.9133585491739149,0.838027478247616,Baseline_2015_2019
23,Maine,2018,47983.12757384463,46591.02486191146,843918.0,45351.30474259977,2.4358424034180315,1.4944447487451384,1.1552476386824662,0.6911739400527805,Baseline_2015_2019
23,Maine,2019,49176.62536840996,47922.931740574284,842370.0,46173.14980618563,2.4873280565727462,2.858719855616809,-0.18343014368694677,1.8121751253914464,Baseline_2015_2019
23,Maine,2020,49569.014162952364,51456.9114913972,812984.0,50156.54265081469,0.797917286114691,7.374297903879801,-3.4884908057029596,8.627076258279054,Shock_2020_2022
23,Maine,2021,51742.59196277907,53716.17049857917,849229.0,50658.615787725576,4.3849526494138535,4.3905841639168,4.4582673213740875,1.0010122515945241,Shock_2020_2022
23,Maine,2022,52375.09746080908,51583.62385744307,867629.0,49872.461704054265,1.2224078347002676,-3.9700273145728326,2.1666711805649497,-1.5518664919024316,Shock_2020_2022
23,Maine,2023,53861.93359163248,52560.88059809257,893054.0,49595.647944549106,2.838822652188777,1.8945096671576511,2.9303999751045584,-0.5550433045551029,Post_Shock_2023_2024
23,Maine,2024,55209.10398611795,53732.93829238513,903041.0,50452.57538517448,2.501154905984948,2.229904980578068,1.118297437780913,1.727827896478873,Post_Shock_2023_2024
24,Maryland,2015,62599.73092154413,56913.402161026424,3602930.0,60736.7930570381,,,,,Baseline_2015_2019
24,Maryland,2016,64459.713881427946,57811.908486002496,3659063.0,60992.24772610799,2.971231557232934,1.5787253807704404,1.557981975780831,0.420592949038312,Baseline_2015_2019
24,Maryland,2017,65382.4184761362,58245.0,3696841.0,61300.0,1.4314438261478157,0.7491389323401432,1.0324501108617046,0.5045760491956264,Baseline_2015_2019
24,Maryland,2018,65559.05962508863,58486.481061858096,3752933.0,61327.0996029581,0.2701661288606161,0.41459535043024687,1.5172954422437934,0.04420816143246853,Baseline_2015_2019
24,Maryland,2019,65301.96053745687,59179.06319795664,3744561.0,61979.67307760006,-0.39216408701104877,1.1841747417937976,-0.22307885592415255,1.0640866417404915,Baseline_2015_2019
24,Maryland,2020,62990.32417360712,61431.77283809421,3621815.0,66560.32147010753,-3.539918778585227,3.806599020674195,-3.2779810503821394,7.390565592000442,Shock_2020_2022
24,Maryland,2021,65925.80838677242,62659.97032881868,3750179.0,66178.8720522567,4.6602144879820395,1.9992870691871945,3.54418986060856,-0.5730883046022317,Shock_2020_2022
24,Maryland,2022,66740.0206719533,59372.21752575559,3869608.0,62873.27371820062,1.2350433086903978,-5.246974720559328,3.184621320742287,-4.994945110950056,Shock_2020_2022
24,Maryland,2023,67778.07377911134,60836.3413433453,3986457.0,62368.02961582137,1.555368273348856,2.46600830928132,3.0196598725245494,-0.8035912121321487,Post_Shock_2023_2024
24,Maryland,2024,69348.93906055004,62111.22583195457,4054489.0,62911.39058111696,2.3176599656079766,2.09559690878538,1.7065780466213543,0.8712171422484039,Post_Shock_2023_2024
25,Massachusetts,2015,74912.49385982503,63639.75714822143,4631415.0,67460.04548196965,,,,,Baseline_2015_2019
25,Massachusetts,2016,75497.56399153417,64828.2638423046,4709800.0,67470.37611403,0.7810047450881985,1.8675537860948443,1.6924633184458804,0.015313704558828078,Baseline_2015_2019
25,Massachusetts,2017,76177.71457688436,66069.0,4778364.0,68505.0,0.900890769702789,1.9138815142628163,1.4557730689201298,1.5334491158333075,Baseline_2015_2019
25,Massachusetts,2018,78528.32089918201,67541.31872070472,4855037.0,69273.9984150183,3.0856876389028898,2.2284561908076705,1.604586841856337,1.1225434859036598,Baseline_2015_2019
25,Massachusetts,2019,80710.34281959206,69397.78969478638,4872942.0,70678.72594922103,2.7786432912673797,2.748644843252901,0.3687922460735127,2.027784690277379,Baseline_2015_2019
25,Massachusetts,2020,80224.78569342564,73491.20215137689,4600531.0,77099.65465146382,-0.6016045889580157,5.898476701626176,-5.5902779060370555,9.084669560761306,Shock_2020_2022
25,Massachusetts,2021,85385.7113925223,76105.97424069085,4777266.0,77601.28132265563,6.4330813158153255,3.5579389270678385,3.8416217606185077,0.6506211648540594,Shock_2020_2022
25,Massachusetts,2022,86466.95983824559,71532.94356836549,4937380.0,73778.47745639064,1.266310753977029,-6.008767009358307,3.3515822648351623,-4.926212301018962,Shock_2020_2022
25,Massachusetts,2023,86914.24686494439,72288.60722935853,5049464.0,72167.13405228716,0.5172924172834881,1.0563855243435283,2.2701108685173166,-2.184029082269856,Post_Shock_2023_2024
25,Massachusetts,2024,88083.1568271472,73120.52383092808,5057930.0,73578.43061121047,1.3449002946768651,1.150826711780506,0.1676613597007437,1.9555945756426718,Post_Shock_2023_2024
26,Michigan,2015,49123.52985467359,44451.44373610331,5501527.0,51291.559339625426,,,,,Baseline_2015_2019
26,Michigan,2016,49930.10018574064,45019.06027740858,5575793.0,51644.25637585571,1.641922584661959,1.2769361208492036,1.3499161232872314,0.6876317288287304,Baseline_2015_2019
26,Michigan,2017,50259.28580085362,45264.0,5631139.0,52177.0,0.6592929192779762,0.5440800431685933,0.992612171936802,1.0315641303209055,Baseline_2015_2019
26,Michigan,2018,51322.313458713004,45966.284014384306,5715122.0,52201.00244119041,2.1150870747974837,1.5515288405450356,1.4914034265536724,0.046001957165819896,Baseline_2015_2019
26,Michigan,2019,51704.56293164027,46574.88056262884,5713441.0,52403.332277230824,0.7448017191095113,1.324006413165968,-0.029413195378857893,0.38759760651791986,Baseline_2015_2019
26,Michigan,2020,49901.47229618198,50025.842796480836,5388496.0,55814.52040291951,-3.4872949953028254,7.409492396253214,-5.6873782366878345,6.509487044912299,Shock_2020_2022
26,Michigan,2021,52647.15611725608,51638.29973797837,5602313.0,55463.86153448721,5.502210044580558,3.2232479281907533,3.968027442165689,-0.6282574245929706,Shock_2020_2022
26,Michigan,2022,53744.77817693634,48622.80241239686,5803660.0,53286.41027831406,2.0848648638031486,-5.839652623890923,3.5939976934526774,-3.9258919158003724,Shock_2020_2022
26,Michigan,2023,55113.23454173294,49341.43917663816,5938910.0,52829.569612276915,2.54621269491786,1.4779830215176482,2.3304259725759335,-0.8573305344666271,Post_Shock_2023_2024
26,Michigan,2024,55661.35793382193,49967.31922381722,5980562.0,53219.551339065125,0.9945404160119464,1.268467352438707,0.701340818433005,0.7381883472652451,Post_Shock_2023_2024
27,Minnesota,2015,62689.47824671501,53108.62663859554,3662633.0,54436.52328735913,,,,,Baseline_2015_2019
27,Minnesota,2016,63091.92611590224,53089.40089247397,3697854.0,54649.952709712634,0.64197036000746,-0.03620079700498158,0.9616306083628956,0.3920702672851606,Baseline_2015_2019
27,Minnesota,2017,63275.254623919,53826.0,3735638.0,55406.0,0.2905736427827099,1.3874692408338163,1.0217818226463171,1.3834363120189819,Baseline_2015_2019
27,Minnesota,2018,64559.96542641114,54861.0318310521,3776940.0,55891.8542294719,2.030352639634425,1.922921694073687,1.1056210478638473,0.8768982230659139,Baseline_2015_2019
27,Minnesota,2019,64994.41700325836,55516.50594351025,3782570.0,56411.05199544702,0.6729427036983537,1.1947899822167374,0.14906246855921346,0.9289327991221841,Baseline_2015_2019
27,Minnesota,2020,62661.34576596839,58125.445363605104,3607402.0,59831.17317270132,-3.5896486880911627,4.699394127486212,-4.63092553475547,6.0628565791156275,Shock_2020_2022
27,Minnesota,2021,66148.43574309313,61268.69247518175,3711169.0,59671.16536886001,5.5649777937239575,5.407695531473333,2.876502258412006,-0.2674321684775327,Shock_2020_2022
27,Minnesota,2022,67379.7329231532,58183.7010814782,3799319.0,57573.94775418155,1.861415415539347,-5.035183988875225,2.3752623499495806,-3.5146248639764566,Shock_2020_2022
27,Minnesota,2023,67767.18851631792,58463.18987075898,3887335.0,56801.17938182224,0.5750328420069728,0.48035581113927694,2.316625690024976,-1.3422188376915334,Post_Shock_2023_2024
27,Minnesota,2024,68867.5881709144,59034.02975558594,3920236.0,57307.89310431669,1.6237941674849043,0.9764090637012446,0.8463638971171861,0.8920831011065333,Post_Shock_2023_2024
28,Mississippi,2015,36650.48576214405,36299.9784825561,1568216.0,39897.91652075589,,,,,Baseline_2015_2019
28,Mississippi,2016,36828.95250043225,36397.21574787402,1581199.0,40011.60899473765,0.48694235445176925,0.2678714131046922,0.8278834038168315,0.2849584236375158,Baseline_2015_2019
28,Mississippi,2017,36964.41164719479,36579.0,1592198.0,39930.0,0.3678061350263828,0.4994454888670896,0.6956113683350473,-0.20396329162465365,Baseline_2015_2019
28,Mississippi,2018,37037.81646085582,36726.95257400232,1602929.0,39955.10567208401,0.19858239422727575,0.4044740807630509,0.6739739655495125,0.06287421007766802,Baseline_2015_2019
28,Mississippi,2019,37456.21433152083,37528.74765799489,1606893.0,40293.882506639755,1.1296504779302996,2.1831244571054897,0.2472972913959426,0.8478937268646458,Baseline_2015_2019
28,Mississippi,2020,37586.38581523365,40217.671119079176,1572680.0,42270.98477267195,0.3475297384852638,7.164969866804105,-2.1291398991718835,4.906705790156618,Shock_2020_2022
28,Mississippi,2021,39380.60858263477,42547.954386094396,1624466.0,42126.409860870204,4.773597483464154,5.7941775398072215,3.2928504209374987,-0.34201926588475207,Shock_2020_2022
28,Mississippi,2022,39337.29243852162,39361.75496745315,1666078.0,40927.179375032036,-0.10999358738262854,-7.488490256731517,2.5615802362130013,-2.846742672349334,Shock_2020_2022
28,Mississippi,2023,40596.57362691888,39959.8485077223,1703374.0,40584.91247185775,3.2012401218648456,1.5194788463159137,2.238550656091731,-0.8362826571505333,Post_Shock_2023_2024
28,Mississippi,2024,41834.6116768785,40592.73280223406,1710873.0,40894.35740494566,3.049612170074134,1.5838005351533013,0.44024389241588135,0.7624629800605964,Post_Shock_2023_2024
29,Missouri,2015,50684.06478400067,44136.01657265091,3655817.0,48229.33038558415,,,,,Baseline_2015_2019
29,Missouri,2016,50616.435017690615,44759.64917689901,3700543.0,48161.61128633748,-0.1334339828470199,1.4129789062897302,1.2234201000761225,-0.14041061467217064,Baseline_2015_2019
29,Missouri,2017,50914.526729841105,44781.0,3735873.0,48510.0,0.5889227719145129,0.047701051044013454,0.9547247525565794,0.7233742899323437,Baseline_2015_2019
29,Missouri,2018,51265.1886932225,45567.03556651149,3777370.0,48894.75673716782,0.6887267463803637,1.7552881054721636,1.1107711637949214,0.793149324196718,Baseline_2015_2019
29,Missouri,2019,52304.98745477648,46429.145300148244,3778389.0,49442.60536578306,2.028274523236928,1.8919592264859508,0.02697644128057952,1.1204649847430082,Baseline_2015_2019
29,Missouri,2020,51365.52379386503,49442.42895394709,3691104.0,52131.24697172841,-1.7961263478434408,6.4900691889092865,-2.310111531660719,5.43790438641818,Shock_2020_2022
29,Missouri,2021,53718.14667873947,51468.23456471196,3792314.0,52219.95881462892,4.58015943595893,4.0973019603300465,2.74199805803359,0.17017019168679148,Shock_2020_2022
29,Missouri,2022,54573.5307563901,49020.64970699288,3879856.0,50716.73554184962,1.592355899331821,-4.755525186397613,2.3084058967691057,-2.878637415466867,Shock_2020_2022
29,Missouri,2023,55897.15750482279,50243.23673622097,3985694.0,50903.69685791364,2.4254006110420168,2.494024531571415,2.7278847462379963,0.36863830857121194,Post_Shock_2023_2024
29,Missouri,2024,56587.636765273055,50744.82305723184,4008112.0,51228.5163968134,1.2352672144208654,0.9983160990288509,0.5624616440700114,0.6381059902317521,Post_Shock_2023_2024
30,Montana,2015,46170.680029075615,44568.30691469388,660573.0,41535.03520844496,,,,,Baseline_2015_2019
30,Montana,2016,45124.34880394122,44223.46481560954,667793.0,41821.358877032755,-2.2662244187771963,-0.7737383871107895,1.0929904794776624,0.689354582585211,Baseline_2015_2019
30,Montana,2017,45810.166217264785,45369.0,674409.0,42263.0,1.51983891513503,2.5903334104796727,0.9907261681389334,1.056018108511969,Baseline_2015_2019
30,Montana,2018,46366.52572167896,46082.44676572139,684043.0,42642.46747402502,1.2144891633344423,1.572542409401545,1.4285099991251604,0.8978715993304354,Baseline_2015_2019
30,Montana,2019,46735.22424557994,47607.49160007353,685589.0,43061.893709149364,0.7951825550056135,3.3093833799783257,0.22600918363320233,0.9835880988355861,Baseline_2015_2019
30,Montana,2020,46049.417010990146,50738.062292560986,683414.0,45910.69158575177,-1.4674311414150432,6.575794244287847,-0.31724546338987025,6.615588937736661,Shock_2020_2022
30,Montana,2021,48215.047504736016,53585.00321068752,714901.0,46528.203122116836,4.702840197149549,5.611055664110265,4.607309771236756,1.345027737627702,Shock_2020_2022
30,Montana,2022,49759.48099610087,52027.53768088706,737303.0,45710.56021595394,3.203218852399048,-2.9065324931991987,3.1335807335561183,-1.757306002161585,Shock_2020_2022
30,Montana,2023,51834.67007249171,53272.02158174216,760516.0,46113.95317392075,4.17043955211962,2.3919715526192986,3.148366411095571,0.8824940146457072,Post_Shock_2023_2024
30,Montana,2024,53277.06655578578,54089.261657246505,764760.0,47054.2194338979,2.782686725461647,1.5340887228211253,0.5580421713678563,2.0390059738120803,Post_Shock_2023_2024
31,Nebraska,2015,62811.28495573735,51407.388330794834,1302877.0,45918.95568672289,,,,,Baseline_2015_2019
31,Nebraska,2016,63125.56723091398,49725.22701421209,1310927.0,46217.049336061034,0.5003595697780971,-3.2722170318367882,0.6178633900207009,0.6491734075396938,Baseline_2015_2019
31,Nebraska,2017,63694.31459806436,49533.0,1317730.0,46677.0,0.9009778321197537,-0.38657845474923125,0.5189457536537212,0.9951969468983135,Baseline_2015_2019
31,Nebraska,2018,64530.71036858199,50209.64098969762,1330415.0,46965.86937042775,1.313140389052947,1.3660408004716462,0.9626402980883686,0.6188687585486408,Baseline_2015_2019
31,Nebraska,2019,65253.90263340157,51307.441454761654,1328396.0,47767.60863187787,1.1206947214572827,2.186433608018201,-0.15175715848062543,1.7070678605492606,Baseline_2015_2019
31,Nebraska,2020,64539.31558718455,53900.4305072041,1305702.0,50450.14377286901,-1.09508706357625,5.053826460492505,-1.7083761167603684,5.61580371683279,Shock_2020_2022
31,Nebraska,2021,68797.58049205552,57579.725578477315,1334521.0,50446.938923128015,6.597939358558258,6.826095889496564,2.2071651877687337,-0.006352508637874621,Shock_2020_2022
31,Nebraska,2022,70910.70392047025,55576.33554868361,1357391.0,49436.08603987631,3.0715083485512107,-3.4793323685838318,1.713723500791664,-2.0037942932316644,Shock_2020_2022
31,Nebraska,2023,74010.95076281126,57523.58277924005,1396472.0,48928.75215784603,4.372043529307068,3.5037344785906255,2.8791262060821055,-1.0262420079555912,Post_Shock_2023_2024
31,Nebraska,2024,73844.96639643876,56805.44590342664,1405802.0,49168.717296430535,-0.2242700095887784,-1.248421675279554,0.6681122142083717,0.4904378877482296,Post_Shock_2023_2024
32,Nevada,2015,52890.98055802794,45296.374859187315,1664654.0,48883.97102317555,,,,,Baseline_2015_2019
32,Nevada,2016,53710.20039151502,45667.5880286825,1724751.0,49568.96757177916,1.548883807492074,0.8195207025930351,3.610179652948897,1.4012702615318506,Baseline_2015_2019
32,Nevada,2017,55232.45818284211,46991.0,1780614.0,49447.0,2.8342061288744835,2.8979239509787647,3.2389023111162096,-0.24605630852113647,Baseline_2015_2019
32,Nevada,2018,56007.34239408942,48113.83067775889,1848890.0,49999.76711123147,1.4029507951323295,2.3894589980185232,3.834407681844576,1.117898176292731,Baseline_2015_2019
32,Nevada,2019,57363.60925679408,49801.19081425504,1884199.0,50316.058156045015,2.421587607498732,3.507016823909126,1.9097404388578987,0.6325850360660912,Baseline_2015_2019
32,Nevada,2020,53234.75520645677,51793.132131169084,1770794.0,53748.89444420832,-7.197688750465591,3.9997865198514004,-6.0187379358549675,6.822546149217534,Shock_2020_2022
32,Nevada,2021,58002.1991620062,55202.43156068937,1912665.0,54568.305568882155,8.95551024337422,6.5825318709940905,8.011716777897382,1.5245171703473614,Shock_2020_2022
32,Nevada,2022,61196.97061244836,52512.49259366832,2043934.0,52822.39469682733,5.508017793461284,-4.872863189121912,6.863146447496038,-3.199496216445541,Shock_2020_2022
32,Nevada,2023,62645.212182703806,53711.25571870221,2123253.0,52246.33747070909,2.3665249370380614,2.2828151280299913,3.8807026058571337,-1.0905549235783463,Post_Shock_2023_2024
32,Nevada,2024,63731.10790298453,54780.02888210935,2150803.0,53321.13475448613,1.7334057662917957,1.9898495187015142,1.2975373165609483,2.057172494396564,Post_Shock_2023_2024
33,New Hampshire,2015,59027.70129278653,56012.62491720003,860652.0,53516.09648253079,,,,,Baseline_2015_2019
33,New Hampshire,2016,59752.37903518263,56863.117492406476,873123.0,53957.508905990246,1.227690942599291,1.5183944270843908,1.4490177214483868,0.8248217872234953,Baseline_2015_2019
33,New Hampshire,2017,59731.46461272217,57878.0,882481.0,54384.0,-0.035001823857327974,1.7847816868799882,1.0717848458922763,0.7904202819163153,Baseline_2015_2019
33,New Hampshire,2018,60273.30119030786,58896.46724304779,892584.0,54646.277164714644,0.9071208635160088,1.759679399854508,1.144840512147005,0.4822689848386297,Baseline_2015_2019
33,New Hampshire,2019,61550.292778328934,61310.44141173526,890078.0,55477.19577402536,2.1186687352482636,4.098673964137323,-0.2807578894535423,1.520540194908726,Baseline_2015_2019
33,New Hampshire,2020,60694.671703105414,63989.89100154167,858532.0,60432.581922715806,-1.3901169866161411,4.370298970467945,-3.544183768164133,8.932293854352636,Shock_2020_2022
33,New Hampshire,2021,65059.61854792864,66913.40886444993,894652.0,64297.299922500635,7.191647507667298,4.568718304017461,4.2071815610833285,6.395089994214076,Shock_2020_2022
33,New Hampshire,2022,65658.75271274702,63095.23062992261,918549.0,59794.35444465327,0.9209002115144749,-5.706148138801304,2.6710944590745855,-7.003319709031164,Shock_2020_2022
33,New Hampshire,2023,66816.83588649548,63797.55170625727,942052.0,59155.02385937736,1.7637910040950722,1.1131127809866248,2.558709442827767,-1.0692156328365177,Post_Shock_2023_2024
33,New Hampshire,2024,67394.23990321743,65030.57690897672,950273.0,59723.234158673076,0.8641594727754054,1.9327155505851845,0.872669449244845,0.9605444512142514,Post_Shock_2023_2024
34,New Jersey,2015,64037.993139937826,60404.8188948472,5303132.0,63909.680065143,,,,,Baseline_2015_2019
34,New Jersey,2016,64352.733181077645,61049.44072464553,5391258.0,63670.10562191936,0.49148954504560916,1.0671695430798156,1.661772703376041,-0.3748640941081849,Baseline_2015_2019
34,New Jersey,2017,64302.62121088455,61704.0,5448785.0,63668.0,-0.07787077209616688,1.0721789873665788,1.0670422376372946,-0.0033070809272173207,Baseline_2015_2019
34,New Jersey,2018,65822.93500527978,62667.363952418695,5550061.0,63708.92408415536,2.3643107633346094,1.5612666154847243,1.8586895977727114,0.06427732009073317,Baseline_2015_2019
34,New Jersey,2019,66817.78556135965,64735.2200800291,5571281.0,64160.90809170099,1.5114041268443401,3.2997337005916894,0.3823381400672954,0.7094516412623486,Baseline_2015_2019
34,New Jersey,2020,64557.77459539294,66734.58794255268,5319882.0,69449.92477135826,-3.382349395418538,3.088531807031547,-4.51240926458385,8.243363189464237,Shock_2020_2022
34,New Jersey,2021,68111.76679372998,69057.3155699893,5585243.0,68605.91917924493,5.505134308936777,3.480545394894907,4.988099360098586,-1.2152721473665418,Shock_2020_2022
34,New Jersey,2022,69744.50018401012,64841.57085988622,5874321.0,65504.091302045075,2.3971385079830876,-6.104704006095396,5.175746158224448,-4.521224865591822,Shock_2020_2022
34,New Jersey,2023,70494.71997479595,65521.50547091913,6055271.0,64560.17800999009,1.0756687463620684,1.0486090975527995,3.0803560105074235,-1.4409989869220818,Post_Shock_2023_2024
34,New Jersey,2024,71099.5614091375,66298.02536907574,6069474.0,64855.54087009745,0.8579953712246846,1.1851374484996402,0.23455597610742007,0.4575000708047172,Post_Shock_2023_2024
35,New Mexico,2015,44609.44745751068,39042.64352346034,1092272.0,45047.135690688854,,,,,Baseline_2015_2019
35,New Mexico,2016,44313.13884673965,39293.63260238243,1092375.0,44669.77446491144,-0.6642283813384164,0.642858823766046,0.009429885596268228,-0.8377030414731035,Baseline_2015_2019
35,New Mexico,2017,44362.292139729885,39196.0,1095489.0,44832.0,0.11092261633787182,-0.248469270760443,0.2850669412976403,0.3631662282423065,Baseline_2015_2019
35,New Mexico,2018,45682.18980857861,39999.032762925766,1110587.0,45315.1869123521,2.9752693226296367,2.048762023996753,1.3781973164495476,1.0777723776590475,Baseline_2015_2019
35,New Mexico,2019,47551.48849861149,41441.547698674396,1116429.0,46364.906730502196,4.091963843821356,3.6063745448506657,0.526028127467737,2.316485685429126,Baseline_2015_2019
35,New Mexico,2020,46262.21296176537,44096.994331771064,1068905.0,48988.76786535348,-2.7113252971750157,6.407691750329114,-4.2567865936839695,5.659153268877648,Shock_2020_2022
35,New Mexico,2021,47938.03428895291,46003.53397055024,1091131.0,48958.8686570469,3.6224409078151387,4.323513807845969,2.0793241681908103,-0.06103278283863256,Shock_2020_2022
35,New Mexico,2022,49323.120946546835,44509.480172899835,1131162.0,47557.40923613129,2.8893271869370407,-3.2476935328638934,3.6687620459871395,-2.8625241133179102,Shock_2020_2022
35,New Mexico,2023,53818.03563264002,44651.44830030653,1168737.0,47869.28080550834,9.113200056753268,0.3189615489895825,3.32180536474882,0.6557791401725632,Post_Shock_2023_2024
35,New Mexico,2024,55974.212586762864,45591.418251835414,1183348.0,48669.3957390919,4.006420763553753,2.1051275766175603,1.250152942877647,1.6714580209266305,Post_Shock_2023_2024
36,New York,2015,77952.57664612621,58543.281536767405,12099197.0,69129.22397971453,,,,,Baseline_2015_2019
36,New York,2016,78943.67786118556,59644.12704629449,12259166.0,68857.30632856542,1.2714155935583227,1.8803959747895505,1.322145593629065,-0.3933468878934643,Baseline_2015_2019
36,New York,2017,80485.85437446226,62206.0,12391361.0,70207.0,1.9535149046240985,4.295264396638809,1.0783359977342588,1.9601313838712553,Baseline_2015_2019
36,New York,2018,82355.60255975032,62697.624837220785,12655123.0,70626.95281294429,2.323076768979826,0.7903173925678963,2.1285958822441,0.5981637343061008,Baseline_2015_2019
36,New York,2019,84289.67571780883,63720.82595039447,12745397.0,71672.02681718083,2.3484415121063806,1.6319615229925866,0.7133395700697598,1.4797098878163606,Baseline_2015_2019
36,New York,2020,82855.2376467417,66630.40689924308,11871200.0,77791.98503927577,-1.701795693068553,4.566138158839417,-6.85892326461075,8.538837945389165,Shock_2020_2022
36,New York,2021,88254.13422352876,69120.63770897147,12226675.0,78771.83629184042,6.516059491381321,3.7373789619715936,2.9944319024193033,1.2595786726228075,Shock_2020_2022
36,New York,2022,90374.4656134713,64849.10901915225,12796836.0,74435.9724590388,2.4025292510061913,-6.179816667496974,4.663254727879829,-5.504332559593683,Shock_2020_2022
36,New York,2023,90636.57557563239,65747.55820440956,13181774.0,73174.31562641532,0.2900265693211779,1.3854456889946798,3.0080716827190823,-1.6949558001915777,Post_Shock_2023_2024
36,New York,2024,91996.43785273435,66402.73442804816,13312196.0,74069.93805967056,1.5003460451429085,0.9965027470703269,0.9894115920967783,1.2239573757379052,Post_Shock_2023_2024
37,North Carolina,2015,52720.802805410385,43055.29071754347,5694917.0,48995.66326466034,,,,,Baseline_2015_2019
37,North Carolina,2016,53243.371364892,43503.445816163694,5825267.0,49298.32213227115,0.991199928063291,1.0408827606350757,2.2888832269197357,0.6177258300922084,Baseline_2015_2019
37,North Carolina,2017,53753.76824846758,44219.0,5919022.0,49933.0,0.9586111294074273,1.6448218535609405,1.609454124592058,1.287422857974696,Baseline_2015_2019
37,North Carolina,2018,54173.74611927898,44950.10397957843,6055657.0,50624.507958758615,0.7812994037369014,1.6533706768095957,2.3084050033941317,1.3848716455222343,Baseline_2015_2019
37,North Carolina,2019,54772.785637943474,46380.24728444752,6148775.0,51237.450177386105,1.1057745893103599,3.18162401919877,1.5377026803202298,1.2107618292839906,Baseline_2015_2019
37,North Carolina,2020,53996.86035167697,49073.05980039488,6054497.0,54328.519885167174,-1.4166255691202,5.805946870943779,-1.5332810193900426,6.032832814825206,Shock_2020_2022
37,North Carolina,2021,56721.7481268994,51767.6578218991,6317579.0,55158.10606340184,5.046381877530415,5.490992476247691,4.345232973110735,1.5269810036940834,Shock_2020_2022
37,North Carolina,2022,57974.96265564507,49517.33064529908,6572997.0,54257.157677128365,2.209407449752687,-4.346975063739644,4.042972790684529,-1.633392533887723,Shock_2020_2022
37,North Carolina,2023,59147.78617694193,50107.28331287619,6762704.0,53937.308452192636,2.0229827973553105,1.1914064427322346,2.8861568018363704,-0.589506046076127,Post_Shock_2023_2024
37,North Carolina,2024,60091.199279482804,51258.9914214397,6844808.0,54789.405812763594,1.5950099970244436,2.298484436627901,1.214070584783844,1.579792142068448,Post_Shock_2023_2024
38,North Dakota,2015,76944.70735985444,54782.9760734462,597638.0,51434.277203744874,,,,,Baseline_2015_2019
38,North Dakota,2016,71596.96697485948,52390.8292674797,576701.0,49162.48876074448,-6.950108160116441,-4.366587902707975,-3.5032912900451407,-4.416876383819357,Baseline_2015_2019
38,North Dakota,2017,73721.54922946713,51830.0,573077.0,49566.0,2.9674193536070925,-1.0704722092036434,-0.6284018928352841,0.8207705700564727,Baseline_2015_2019
38,North Dakota,2018,75847.66798142318,53857.54184471162,578397.0,50263.32965628198,2.883985448187265,3.9119078616855374,0.9283220230440259,1.4068709524310608,Baseline_2015_2019
38,North Dakota,2019,76503.31982053911,54321.86030501805,581324.0,51055.28109928537,0.8644324295857375,0.8621233803154604,0.5060538004173498,1.5756048165114223,Baseline_2015_2019
38,North Dakota,2020,72603.80804810599,57246.5361982296,560316.0,51437.022383129006,-5.097179810733133,5.3839759477850135,-3.613819487927561,0.7477018549781,Shock_2020_2022
38,North Dakota,2021,73718.50324623992,59845.75355205373,567429.0,50586.2476288888,1.5353123039983707,4.540392356357992,1.2694622320262194,-1.6540124502215647,Shock_2020_2022
38,North Dakota,2022,73098.89501416961,59542.24489586715,581410.0,49551.6711486221,-0.8405057140140948,-0.5071515323515574,2.4639205962331934,-2.045173399411959,Shock_2020_2022
38,North Dakota,2023,78918.80148042552,57699.759108899845,597884.0,50001.899298330834,7.961688702856273,-3.0944177368347647,2.8334565968937575,0.9086033614453592,Post_Shock_2023_2024
38,North Dakota,2024,79868.21059583784,56290.496128330924,604751.0,50533.84211751129,1.2030201898691972,-2.442407043518402,1.1485505549571506,1.0638452271716226,Post_Shock_2023_2024
39,Ohio,2015,54243.709132509815,45296.374859187315,6862150.0,49597.560343772806,,,,,Baseline_2015_2019
39,Ohio,2016,54532.40433505942,45523.58422879333,6931328.0,49578.159303686974,0.5322187718475702,0.5016060784385878,1.0081097032271336,-0.03911692420223156,Baseline_2015_2019
39,Ohio,2017,55562.257458898945,46114.0,6987847.0,50088.0,1.8885158950848302,1.296944828068347,0.8154137273549855,1.028357453107609,Baseline_2015_2019
39,Ohio,2018,55785.61576944317,46680.83135874348,7067380.0,50224.28335331154,0.40199646443352943,1.229195816332318,1.1381617256359444,0.27208783203869213,Baseline_2015_2019
39,Ohio,2019,57178.91716281358,47359.16638308358,7071408.0,50881.74108277888,2.4975997381274873,1.453133983683963,0.056994246807162696,1.30904352550405,Baseline_2015_2019
39,Ohio,2020,55577.25222472555,50056.15000907999,6853292.0,53910.84861153506,-2.8011459775066916,5.694744717803468,-3.084477659894602,5.953230892449546,Shock_2020_2022
39,Ohio,2021,58804.85923368417,52048.08443739159,7048052.0,53893.47248772926,5.807424584266707,3.979399989712107,2.8418459333120483,-0.0322312192319707,Shock_2020_2022
39,Ohio,2022,59029.014147956426,48830.52057883857,7216118.0,51953.83123473032,0.38118433951435104,-6.181906391624093,2.384573780102639,-3.5990281632725885,Shock_2020_2022
39,Ohio,2023,59957.04748911579,49733.21028414648,7368050.0,51656.66966413086,1.572164730437886,1.8486178205912918,2.1054533753466886,-0.5719723907499197,Post_Shock_2023_2024
39,Ohio,2024,60873.48208833247,50468.985013819416,7434117.0,52400.63272859424,1.5284852033166763,1.4794434653808697,0.8966687251036554,1.440207178086772,Post_Shock_2023_2024
40,Oklahoma,2015,49678.945884283115,45792.78482134193,2287838.0,46654.26294316441,,,,,Baseline_2015_2019
40,Oklahoma,2016,48534.24628155217,42948.877991058594,2287131.0,45771.76099030445,-2.304194628841938,-6.2103819223458085,-0.030902537679677877,-1.8915783835981914,Baseline_2015_2019
40,Oklahoma,2017,49113.03068426117,43873.0,2291944.0,46104.0,1.1925278479682389,2.151679047666377,0.21043831770020116,0.725860230210329,Baseline_2015_2019
40,Oklahoma,2018,49901.21859671604,44932.53314324173,2312261.0,46623.238061862074,1.604844786553672,2.41500044045706,0.8864527231031927,1.126232131403082,Baseline_2015_2019
40,Oklahoma,2019,50731.757040991935,46191.3667139957,2309379.0,47044.68502720442,1.664365054865713,2.8016082840041534,-0.12463990873002873,0.9039418600294225,Baseline_2015_2019
40,Oklahoma,2020,48263.62470093258,47348.389983424204,2265447.0,47970.63494210061,-4.865063786505697,2.504847446044356,-1.9023295873046409,1.9682349118943954,Shock_2020_2022
40,Oklahoma,2021,48836.19351025356,49367.74875447466,2311367.0,47658.95560394139,1.1863361131057237,4.264894269387831,2.0269730432890265,-0.6497294408035481,Shock_2020_2022
40,Oklahoma,2022,48237.2984853156,48519.78090242778,2380642.0,46159.49947890862,-1.2263343677926364,-1.7176555006876204,2.9971441142838895,-3.1462211163283738,Shock_2020_2022
40,Oklahoma,2023,50969.03155426074,48968.17060603475,2450387.0,46362.53073494759,5.663113720551194,0.9241379397583627,2.9296719120304626,0.4398471784377689,Post_Shock_2023_2024
40,Oklahoma,2024,51324.62678371929,49753.21264054525,2474908.0,46857.30389015872,0.697669189731398,1.6031679860504244,1.0006990732484233,1.0671832347542098,Post_Shock_2023_2024
41,Oregon,2015,51159.438719328056,45675.92164275136,2391179.0,50856.166435318984,,,,,Baseline_2015_2019
41,Oregon,2016,52470.22780659954,46435.60829475807,2450390.0,51490.039540513404,2.5621647150250393,1.6632103407754117,2.4762261629095894,1.246403631309101,Baseline_2015_2019
41,Oregon,2017,54382.73464007151,47566.0,2515986.0,51990.0,3.6449371642168105,2.4343208730390087,2.676961626516605,0.970984803950703,Baseline_2015_2019
41,Oregon,2018,56009.08639340555,49011.89564607916,2570069.0,52608.06014965732,2.9905663334106825,3.039767157379547,2.1495747591600223,1.1888058273847202,Baseline_2015_2019
41,Oregon,2019,56877.87760744352,50038.96940040758,2579015.0,53719.743562664036,1.551161195409656,2.095560150835718,0.34808403976702706,2.113142757676756,Baseline_2015_2019
41,Oregon,2020,55767.39630836867,53665.54960956065,2493913.0,57704.932788791826,-1.952395809736629,7.247511794524564,-3.299786934158977,7.418481477818428,Shock_2020_2022
41,Oregon,2021,58974.88207721783,56670.600583090374,2558974.0,58691.48141860722,5.751542982414315,5.59959041767526,2.6087918864852178,1.7096434951692885,Shock_2020_2022
41,Oregon,2022,59877.45068022244,53345.87797919052,2618298.0,56738.04964890401,1.5304288388789722,-5.866750254437747,2.3182728702987987,-3.3283054414160795,Shock_2020_2022
41,Oregon,2023,60705.78901898931,54315.40377155385,2683848.0,56003.961378658496,1.3833894552235382,1.8174333783418595,2.503534738979285,-1.2938200639395658,Post_Shock_2023_2024
41,Oregon,2024,61741.546480408055,55433.288384355204,2707024.0,56628.06563188381,1.7061922399110196,2.0581355106980004,0.8635362360312593,1.1143930498158205,Post_Shock_2023_2024
42,Pennsylvania,2015,56914.13919764909,50976.132176173014,7510339.0,52823.190910356636,,,,,Baseline_2015_2019
42,Pennsylvania,2016,57656.626187534894,51649.36289358227,7593722.0,52476.61876528602,1.3045738727723188,1.3206783030979663,1.110242826588781,-0.6560984656507562,Baseline_2015_2019
42,Pennsylvania,2017,58267.83733070925,51886.0,7662469.0,52932.0,1.0600882909560516,0.45816074615536717,0.9053136261769845,0.8677792994834288,Baseline_2015_2019
42,Pennsylvania,2018,58844.35541138527,53169.35075485749,7763488.0,53272.82345772917,0.9894276278076042,2.473404684996905,1.3183609617213543,0.643889249847307,Baseline_2015_2019
42,Pennsylvania,2019,59411.93726162851,53825.20987103815,7772024.0,54073.5350880281,0.9645476550388388,1.233528540163209,0.10995057891505233,1.5030395956660225,Baseline_2015_2019
42,Pennsylvania,2020,56802.107117068146,57092.15883405265,7412858.0,57455.845385242515,-4.39277065325715,6.0695517413529965,-4.621267252906069,6.255019746181278,Shock_2020_2022
42,Pennsylvania,2021,58858.56152607265,57897.24087537365,7648662.0,57440.41687271653,3.6203840198501647,1.4101446814458463,3.1810133149724473,-0.02685281614522861,Shock_2020_2022
42,Pennsylvania,2022,59826.36427382938,54509.267225914475,7903549.0,55454.88742717535,1.6442854236728532,-5.8517013906620114,3.3324390592759823,-3.456676594010377,Shock_2020_2022
42,Pennsylvania,2023,60719.028985643155,54784.402859187016,8080499.0,54923.574115036994,1.492092529186606,0.5047501962046841,2.2388676276948516,-0.9581000643741122,Post_Shock_2023_2024
42,Pennsylvania,2024,61569.97230076573,55367.64986977547,8146346.0,55209.02345954113,1.4014442084107959,1.0646223745243377,0.8148877934394783,0.5197209924945323,Post_Shock_2023_2024
44,Rhode Island,2015,54185.54041325037,49691.671399097955,626983.0,53031.06258200888,,,,,Baseline_2015_2019
44,Rhode Island,2016,54165.115374559675,49548.541500872896,633419.0,53165.99865837247,-0.03769462948033375,-0.28803599113322864,1.026503110929644,0.2544472424155453,Baseline_2015_2019
44,Rhode Island,2017,54162.13177526599,50414.0,638851.0,53566.0,-0.005508341066118305,1.7466881423984226,0.8575682131416906,0.7523630736211873,Baseline_2015_2019
44,Rhode Island,2018,53799.97142396577,50889.04666138339,648727.0,53113.7097731246,-0.6686597063847555,0.9422911520279964,1.545900374265674,-0.8443606520468161,Baseline_2015_2019
44,Rhode Island,2019,54959.52785543313,52851.08469551,650999.0,53448.4075147561,2.1553104969695758,3.8555213014345613,0.350224362482221,0.6301531997315868,Baseline_2015_2019
44,Rhode Island,2020,53016.86203302,56141.270038754155,615729.0,57636.74156044373,-3.5347207267194314,6.2253884895642875,-5.4178270627143865,7.8362185899202075,Shock_2020_2022
44,Rhode Island,2021,55277.06421015126,57081.28988448905,640196.0,56976.35605417573,4.263176073535924,1.6743829362713125,3.9736637384303775,-1.1457717566761616,Shock_2020_2022
44,Rhode Island,2022,56012.65621087615,54055.302523449114,665718.0,54642.44137294767,1.330736375449204,-5.301189526661698,3.9865916063205553,-4.096286324469167,Shock_2020_2022
44,Rhode Island,2023,56411.4229878231,54628.33798268472,682890.0,53647.70352672448,0.7119226330664752,1.0600911149965864,2.5794705866448053,-1.8204491256784694,Post_Shock_2023_2024
44,Rhode Island,2024,57148.99384464367,55279.35043944798,688383.0,53777.4787129928,1.3074849343541306,1.1917119956488698,0.804375521679912,0.2419025936565511,Post_Shock_2023_2024
45,South Carolina,2015,43960.08689240879,40951.75350291329,2636275.0,44796.862334769234,,,,,Baseline_2015_2019
45,South Carolina,2016,44935.03387251742,41620.162078606045,2700187.0,45201.87361201965,2.2178003935587887,1.6321854829615567,2.4243297835013333,0.9041063506272984,Baseline_2015_2019
45,South Carolina,2017,45316.134480800974,42385.0,2759183.0,45585.0,0.8481146567392184,1.8376620445385239,2.184885713470952,0.8475896182287279,Baseline_2015_2019
45,South Carolina,2018,46151.680798915135,42772.29643140175,2843694.0,45063.33825819272,1.843816397155762,0.9137582432505731,3.06289941624025,-1.1443714858117349,Baseline_2015_2019
45,South Carolina,2019,47080.40814091506,44247.91028604732,2882128.0,45812.64678847049,2.0123369851824613,3.4499289908648256,1.3515518899009482,1.662789662817632,Baseline_2015_2019
45,South Carolina,2020,45458.83937465218,46183.456499144166,2824833.0,48313.48528462856,-3.444253842085232,4.3743223139447895,-1.9879408548128308,5.4588387082394885,Shock_2020_2022
45,South Carolina,2021,47322.99311597649,48295.79540170498,2937464.0,48666.682215743436,4.100750848390011,4.5737999333158585,3.9871737550502884,0.7310524774482685,Shock_2020_2022
45,South Carolina,2022,48517.78904612006,45689.620884659416,3056434.0,47882.38765782236,2.524768302832059,-5.396276208660511,4.05009218836383,-1.6115636452146753,Shock_2020_2022
45,South Carolina,2023,49350.35592133113,46445.389921956536,3163255.0,47666.55735768062,1.7160033290462895,1.6541372475053162,3.494955232143071,-0.4507509142695709,Post_Shock_2023_2024
45,South Carolina,2024,50640.58243642078,47391.78893745079,3205971.0,48655.33034311053,2.6144219043655603,2.037659748544507,1.3503811738225346,2.074353677380869,Post_Shock_2023_2024
46,South Dakota,2015,59693.742818612984,49959.52594117721,592644.0,41000.3603117076,,,,,Baseline_2015_2019
46,South Dakota,2016,59571.068505630654,49312.62038190553,597263.0,41625.26859633261,-0.2055061505442768,-1.29485928275892,0.7793886380356607,1.5241531534701425,Baseline_2015_2019
46,South Dakota,2017,59321.29172250355,49408.0,601254.0,42033.0,-0.4192920983169812,0.19341827174421677,0.6682148400285914,0.9795285830379363,Baseline_2015_2019
46,South Dakota,2018,59340.734672612416,50349.23152281697,610179.0,42171.95952323113,0.03277566881014771,1.905018464250663,1.48439760899719,0.3305962534940088,Baseline_2015_2019
46,South Dakota,2019,59502.58700987891,52165.55369107828,610159.0,42887.39490802129,0.27275081469659845,3.6074476478120676,-0.0032777266998684773,1.6964717619916359,Baseline_2015_2019
46,South Dakota,2020,60090.920559400234,56442.44796395826,606045.0,45810.298944017064,0.9887528914056309,8.198694292037079,-0.6742504822513484,6.815298626238309,Shock_2020_2022
46,South Dakota,2021,62496.05323199855,60778.39819906262,624996.0,45753.86382256338,4.0024893115438775,7.682073318069249,3.1269955201346455,-0.12319308704502596,Shock_2020_2022
46,South Dakota,2022,60778.568254512975,58458.4251080624,641124.0,44666.943944234685,-2.7481495049133886,-3.8171014040248252,2.580496515177688,-2.375580524835763,Shock_2020_2022
46,South Dakota,2023,62384.839262579015,59691.59742961977,657822.0,44490.55667504644,2.642824690011958,2.1094860480380895,2.6044883673049135,-0.3948944199282045,Post_Shock_2023_2024
46,South Dakota,2024,62255.82724811511,58995.7406220811,662833.0,45090.53387272107,-0.2068002674830871,-1.1657533681505572,0.761756219767662,1.3485495406514891,Post_Shock_2023_2024
47,Tennessee,2015,50722.313556494046,43370.71788099588,3859498.0,47793.93748127771,,,,,Baseline_2015_2019
47,Tennessee,2016,51482.047102239274,43852.73162866083,3951859.0,47982.88316590766,1.4978290469716882,1.111380607043544,2.393083245541261,0.3953339996395355,Baseline_2015_2019
47,Tennessee,2017,52732.09734037976,44407.0,4033011.0,48392.0,2.428128461282797,1.2639312324546514,2.05351456112175,0.8526307864364036,Baseline_2015_2019
47,Tennessee,2018,53234.12831620949,45341.543166857155,4120203.0,48839.115755434934,0.9520405998441062,2.1044951626030928,2.1619579019248825,0.9239456014112468,Baseline_2015_2019
47,Tennessee,2019,53944.07233977135,46887.444349264835,4168023.0,49121.41251755282,1.3336257134611174,3.4094586871883825,1.16062242564261,0.5780136633339206,Baseline_2015_2019
47,Tennessee,2020,53128.034902022824,49229.33136535928,4119603.0,51685.16268628459,-1.5127471886227761,4.994699644215439,-1.1617018428161319,5.219211006637181,Shock_2020_2022
47,Tennessee,2021,57656.34368244188,52201.86677491973,4298445.0,53018.722367789785,8.523388430929234,6.038138904425794,4.341243561576191,2.580159589705766,Shock_2020_2022
47,Tennessee,2022,58818.134518799576,49498.06646050811,4488030.0,51640.578838564186,2.01502690277513,-5.17950885946219,4.4105484657823935,-2.599352582782821,Shock_2020_2022
47,Tennessee,2023,59873.39069924084,51032.41015812171,4625521.0,51731.484269876804,1.7941000493716386,3.0998053203507903,3.0635044774656173,0.17603488062518657,Post_Shock_2023_2024
47,Tennessee,2024,60706.459029157704,51798.16493405889,4666592.0,52318.58458536958,1.391383250869449,1.5005263783633316,0.8879215984534561,1.1348994210758523,Post_Shock_2023_2024
48,Texas,2015,59651.50969367499,48365.843125176674,16414554.0,55621.702072003274,,,,,Baseline_2015_2019
48,Texas,2016,58717.198588728694,46845.15101642869,16683280.0,55057.452824292624,-1.5662824122041674,-3.1441447320834426,1.6371203262665501,-1.0144408148104134,Baseline_2015_2019
48,Texas,2017,59147.95678802386,48524.0,17104407.0,55416.0,0.7336150389467999,3.5838266013541897,2.524245831754901,0.6512236896458301,Baseline_2015_2019
48,Texas,2018,61264.35980471518,50121.78680801411,17608884.0,55932.85284759087,3.5781506777590844,3.2927763746066097,2.9493977780112424,0.9326780128317891,Baseline_2015_2019
48,Texas,2019,62611.159270949945,51075.41557633861,17899918.0,56869.35104456361,2.1983408796366843,1.9026232484034677,1.6527680005161027,1.6743258197906785,Baseline_2015_2019
48,Texas,2020,60973.54819832276,51924.77908589666,17697402.0,59023.29653685509,-2.6155258770092726,1.662959566699107,-1.1313794845317138,3.7875330959968423,Shock_2020_2022
48,Texas,2021,64434.90801237034,54634.34151382071,18551726.0,59264.99907738863,5.676822025822004,5.218245461269566,4.827397829353708,0.4095036277457442,Shock_2020_2022
48,Texas,2022,65580.84430700283,53401.995387059855,19481545.0,57910.652201397555,1.7784401809225692,-2.2556254777027274,5.0120349987920365,-2.2852390062852446,Shock_2020_2022
48,Texas,2023,69582.9783848543,54318.62160405905,20279609.0,57842.95265538133,6.102596147003436,1.7164643574747673,4.096512879240333,-0.11690344253210139,Post_Shock_2023_2024
48,Texas,2024,70946.49380313499,54512.786358463316,20460749.0,58575.34156441571,1.9595531118821397,0.3574552311352397,0.8932124874794223,1.2661679174606366,Post_Shock_2023_2024
49,Utah,2015,51802.74685555395,41244.42854310028,1865934.0,46803.185931810796,,,,,Baseline_2015_2019
49,Utah,2016,53039.656662893074,42174.729903711144,1933131.0,47148.478169386726,2.387730154132761,2.255580677130009,3.60125277742942,0.7377537035170967,Baseline_2015_2019
49,Utah,2017,55032.67100105252,43030.0,1995267.0,47459.0,3.7575928344079523,2.0279207436337376,3.214267424194217,0.6586041430598932,Baseline_2015_2019
49,Utah,2018,57237.32907551087,44379.05179863564,2069738.0,48220.231853353354,4.0060895361887505,3.1351424555789986,3.732382683620794,1.6039778616349976,Baseline_2015_2019
49,Utah,2019,59622.3107254252,46177.94372929355,2102960.0,49475.20404291688,4.166829040481468,4.053470855619334,1.6051306977018287,2.602584312286438,Baseline_2015_2019
49,Utah,2020,59477.76624025189,49025.70478070871,2135836.0,52779.063641035355,-0.2424335511566733,6.166929103880059,1.563320272377977,6.677808938903151,Shock_2020_2022
49,Utah,2021,63262.71589886325,52760.91080193379,2249689.0,53184.2645311289,6.363637873222405,7.618872666762466,5.3306059079442525,0.7677303501430588,Shock_2020_2022
49,Utah,2022,64187.80834478516,50851.584835386384,2339378.0,52063.55333071364,1.4623027683491108,-3.6188267744563296,3.9867288322963823,-2.1072232742060493,Shock_2020_2022
49,Utah,2023,65614.70159242899,51832.04153566436,2414466.0,52176.34961372095,2.222997301885221,1.928075011726471,3.209742076740052,0.21665114228914817,Post_Shock_2023_2024
49,Utah,2024,66886.02256990685,52624.11624252045,2433434.0,52757.73750434347,1.9375550701651978,1.5281564904424672,0.7855981405412216,1.1142747526929897,Post_Shock_2023_2024
50,Vermont,2015,50388.89028670634,49761.99614373652,432560.0,44783.41789829421,,,,,Baseline_2015_2019
50,Vermont,2016,50774.43796875221,49867.18820701063,433791.0,45146.723220572734,0.76514422098235,0.21139036096997632,0.28458479748474375,0.8112496529488089,Baseline_2015_2019
50,Vermont,2017,50993.37022971833,50009.0,435861.0,45439.0,0.4311859859499778,0.28437896357957904,0.4771883234091945,0.6473931186529169,Baseline_2015_2019
50,Vermont,2018,51238.99606667916,50458.56117113422,437661.0,45732.006196561626,0.481681904636444,0.8989605293731495,0.4129756963802578,0.6448341657202539,Baseline_2015_2019
50,Vermont,2019,51942.90851246481,52040.911690272515,433446.0,46537.4879623871,1.3737826651982532,3.1359406261538547,-0.9630741601376447,1.761308616909174,Baseline_2015_2019
50,Vermont,2020,50405.07648161253,55080.51759778371,409231.0,50255.988192155666,-2.960619793716879,5.8408006485392905,-5.586624400732731,7.990332939272449,Shock_2020_2022
50,Vermont,2021,51888.64065459692,55280.227331438895,421139.0,50123.996014318924,2.9432832495067895,0.36257780857023025,2.909847983168423,-0.26263970242126344,Shock_2020_2022
50,Vermont,2022,53914.67757028106,53461.46308793631,431273.0,49390.019511028346,3.9045866111057093,-3.290080977051657,2.406331401271311,-1.4643216057253383,Shock_2020_2022
50,Vermont,2023,54806.53737251475,54720.046209082975,440495.0,49244.90420148211,1.6542059461843062,2.3541875744711227,2.1383207388359526,-0.293815048025714,Post_Shock_2023_2024
50,Vermont,2024,56299.64069225903,55874.785535992654,444869.0,49848.54476886342,2.72431609681123,2.110267455728132,0.9929738135506572,1.22579295699623,Post_Shock_2023_2024
51,Virginia,2015,59465.3425650504,53381.65211778058,5060270.0,57628.02566904483,,,,,Baseline_2015_2019
51,Virginia,2016,59809.53835697378,53777.759482015106,5156659.0,57420.74922814751,0.5788174709442817,0.7420290465356194,1.9048193080606346,-0.35967992741534616,Baseline_2015_2019
51,Virginia,2017,60586.19464130854,54377.0,5229126.0,58012.0,1.2985492041407865,1.1142905984867113,1.4053091352365987,1.0296813953146078,Baseline_2015_2019
51,Virginia,2018,61746.18625378333,54791.72464327956,5299069.0,58374.22294081806,1.9146137487959791,0.762683934898134,1.3375657805912544,0.6243931269703795,Baseline_2015_2019
51,Virginia,2019,62928.46717909422,55956.588084816765,5329257.0,59200.15645963146,1.9147432368561201,2.125984259705316,0.5696849767383716,1.4148942413344967,Baseline_2015_2019
51,Virginia,2020,61966.61156844909,58200.26629470927,5224978.0,63132.765145221805,-1.5284904491757234,4.009676584447264,-1.956726800752906,6.642902520489091,Shock_2020_2022
51,Virginia,2021,65333.74626602496,60801.91785068457,5392125.0,62972.96261578772,5.433788636089121,4.47017122361828,3.1989991154029784,-0.2531213848569691,Shock_2020_2022
51,Virginia,2022,66731.8585634575,58279.184432181246,5540662.0,60846.34644889034,2.1399542768292035,-4.149101718630943,2.7547024596054515,-3.377030520022295,Shock_2020_2022
51,Virginia,2023,68627.88211772882,59459.10903111893,5716975.0,60998.037426731695,2.8412569274813837,2.024607259751132,3.1821648748831866,0.24930170288657294,Post_Shock_2023_2024
51,Virginia,2024,69584.30965792036,60385.089180685325,5773598.0,61907.27759022471,1.3936428033008763,1.557339429828608,0.9904363758806101,1.490605602819861,Post_Shock_2023_2024
53,Washington,2015,66381.80180875167,54199.69436791453,4199164.0,58978.67444107385,,,,,Baseline_2015_2019
53,Washington,2016,67751.71017665128,55452.69729632886,4313722.0,60250.781352210564,2.063680603076068,2.311826557376473,2.728114453257846,2.1568930180139834,Baseline_2015_2019
53,Washington,2017,70785.04119990295,56800.0,4432271.0,61917.0,4.477128349000736,2.4296432263184675,2.7481835871667304,2.7654722650801045,Baseline_2015_2019
53,Washington,2018,74418.53903337156,58397.65072260033,4537842.0,64152.09962286994,5.133143630173653,2.8127653566907274,2.38187150560063,3.6098319086356634,Baseline_2015_2019
53,Washington,2019,77078.19544718543,60816.6673316201,4591912.0,66020.95025757166,3.5739164573241444,4.142318362275477,1.1915355360543556,2.9131558369688726,Baseline_2015_2019
53,Washington,2020,75990.9520252337,64089.33654288265,4435243.0,71793.05114543045,-1.4105719725842847,5.3812044540642034,-3.411846742707614,8.742832184843952,Shock_2020_2022
53,Washington,2021,80849.25770074465,66889.88921282798,4574704.0,73706.96977525187,6.393268601106228,4.369763865587006,3.144382393478784,2.6658828386390887,Shock_2020_2022
53,Washington,2022,82577.60412840762,63756.075925577905,4755477.0,69643.37831234731,2.1377393890989804,-4.685032856429194,3.951578069313344,-5.5131712445855685,Shock_2020_2022
53,Washington,2023,85598.58802307284,65386.356505700656,4868377.0,70953.20673969977,3.658357403985235,2.5570591609586746,2.374104637663055,1.88076520567102,Post_Shock_2023_2024
53,Washington,2024,88576.6927624995,66820.00784216214,4904120.0,73417.45996831256,3.4791517105678516,2.192584834324718,0.734187183942403,3.473068155542558,Post_Shock_2023_2024
54,West Virginia,2015,40222.39434102271,38335.25932739001,904270.0,42621.966188079336,,,,,Baseline_2015_2019
54,West Virginia,2016,40041.341332890326,37864.82894248918,890209.0,42062.386513726684,-0.45012986198020855,-1.2271480437455073,-1.5549559313037031,-1.3128903342548237,Baseline_2015_2019
54,West Virginia,2017,41241.38248858039,38841.0,888822.0,42919.0,2.997005384293505,2.5780416412113594,-0.15580610845318255,2.036530870624209,Baseline_2015_2019
54,West Virginia,2018,42752.51136105054,40023.43670228229,898085.0,44447.38282883392,3.6641081876646053,3.0443003585960415,1.0421659229856939,3.5610867653811162,Baseline_2015_2019
54,West Virginia,2019,42857.38882862587,40858.60664875204,881641.0,44191.341993373935,0.24531299855026223,2.086702230701043,-1.8310070873024276,-0.5760537947667177,Baseline_2015_2019
54,West Virginia,2020,41709.46658703891,42521.966377008706,840998.0,45500.59711526945,-2.6784698577348443,4.071014321550481,-4.609926262503672,2.9626960007048897,Shock_2020_2022
54,West Virginia,2021,42684.30686463735,44230.51407904934,864560.0,45069.984721555884,2.3372158825482936,4.018035494624805,2.8016713476131994,-0.946388445458568,Shock_2020_2022
54,West Virginia,2022,43714.1876310243,42015.187029095694,885183.0,43939.93036168868,2.4127854990194875,-5.008594397058975,2.3853752197649625,-2.5073324671590624,Shock_2020_2022
54,West Virginia,2023,45402.97485474872,42617.77815701899,904532.0,44509.863670077655,3.863247415184423,1.4342221718684822,2.185875688981831,1.2970737634256713,Post_Shock_2023_2024
54,West Virginia,2024,46801.18048978104,43315.168335517024,914033.0,44950.66132379522,3.079546306173553,1.636383238770911,1.0503774327497606,0.9903370115552423,Post_Shock_2023_2024
55,Wisconsin,2015,54480.255192132725,47498.15987882725,3624473.0,47462.99750650797,,,,,Baseline_2015_2019
55,Wisconsin,2016,54925.60057830854,47587.63869387143,3657732.0,47552.91437333078,0.8174436492730086,0.1883837505967545,0.9176230585798306,0.18944624559473766,Baseline_2015_2019
55,Wisconsin,2017,55147.735689141104,48311.0,3678859.0,47914.0,0.4044290977134768,1.520061356231417,0.5775983587643863,0.7593343781926665,Baseline_2015_2019
55,Wisconsin,2018,56124.32155657962,49315.480651674385,3721096.0,48404.72563488872,1.77085397112835,2.0791965632555476,1.1481005387811827,1.0241800619624986,Baseline_2015_2019
55,Wisconsin,2019,56673.62778643194,50211.550632292485,3717587.0,48998.688085990216,0.9787311714736013,1.817015608034378,-0.0943001739272531,1.227075338845407,Baseline_2015_2019
55,Wisconsin,2020,54942.17677673662,52563.12475126637,3581288.0,51645.3844697482,-3.0551264800271816,4.683332996813516,-3.666329799410206,5.401565811544096,Shock_2020_2022
55,Wisconsin,2021,56926.438867022276,54903.008303502225,3682367.0,51687.14824519319,3.6115461867281207,4.45156859168554,2.8224203135855053,0.08086642373521524,Shock_2020_2022
55,Wisconsin,2022,57910.87007781184,51793.017170388346,3767253.0,50323.0761135125,1.729304046383695,-5.6645186287824885,2.3052020616087354,-2.6390934264932,Shock_2020_2022
55,Wisconsin,2023,58530.811840785114,52187.61202748916,3841837.0,49712.29437286267,1.070510185981144,0.761868836107138,1.9797980119731884,-1.213720996053791,Post_Shock_2023_2024
55,Wisconsin,2024,59488.350840533625,52978.876785606124,3867941.0,50226.74763858471,1.6359571474135581,1.516192688985618,0.679466619744673,1.0348612394821988,Post_Shock_2023_2024
56,Wyoming,2015,68641.23795768507,58038.59807524354,406045.0,48816.74884080044,,,,,Baseline_2015_2019
56,Wyoming,2016,65039.595743693804,54557.01408708913,398144.0,47057.582153853844,-5.247053114356048,-5.99873894893318,-1.9458434409979186,-3.6036129580925946,Baseline_2015_2019
56,Wyoming,2017,65285.81840899625,56378.0,398968.0,47409.0,0.3785734866384338,3.337766817670862,0.20696029577238484,0.7467826226115859,Baseline_2015_2019
56,Wyoming,2018,66072.23943644819,57785.599923538575,404591.0,48019.14339305555,1.2045817094996636,2.4967184425459754,1.409386216438402,1.2869779853098562,Baseline_2015_2019
56,Wyoming,2019,67052.47624394475,59303.7051987624,407870.0,48537.51268300888,1.4835834472349152,2.6271342293453293,0.8104480821372606,1.0795054916125313,Baseline_2015_2019
56,Wyoming,2020,63121.78773657579,61650.553029044364,401439.0,49199.024152760125,-5.862107900487756,3.957337610552769,-1.5767278789810435,1.362887039703664,Shock_2020_2022
56,Wyoming,2021,64145.31226818387,64639.23947300438,419797.0,49028.523009927296,1.6215075147737013,4.847785294889428,4.573048458171725,-0.3465539119301031,Shock_2020_2022
56,Wyoming,2022,64789.20208614816,65163.19898857016,430968.0,48198.99034699561,1.0037987113886926,0.8105904708000322,2.661048077999606,-1.6919389204600788,Shock_2020_2022
56,Wyoming,2023,68146.94201475714,66846.44800493597,449620.0,48625.47144423076,5.182561014016351,2.5831282725408578,4.3279315401607565,0.8848340891890238,Post_Shock_2023_2024
56,Wyoming,2024,67801.61643844955,67677.21558613786,447255.0,49448.46239428223,-0.5067367164220071,1.2427998883957736,-0.5259997331079624,1.692509965677913,Post_Shock_2023_2024
